Item,Classification,Source,Question,Answer,Prefix,definite-yes,probable-yes,definite-no,probable-no,DevEval,QuestionParse,AnswerParse
146,CNN,LarryKingLive/0206-07-lkl.00.txt,Did he do a good job?,He did a great job.,,30,0,0,0,DEVELOPMENT,(SQ (VBD Did) (NP (PRP he)) (VP (VB do) (NP (DT a) (JJ-CONTRAST good) (NN job))) (. ?)),(S (NP (PRP He)) (VP (VBD did) (NP (DT a) (JJ-CONTRAST great) (NN job))) (. .))
122,CNN,LouDobbsTonight/0804-08-ldt.01.txt,Do you think that's a good idea?,It's a terrible idea.,,0,0,29,1,DEVELOPMENT,(SQ (VBP Do) (NP (PRP you)) (VP (VB think) (SBAR (S (NP (DT that)) (VP (VBZ 's) (NP (DT a) (JJ-CONTRAST good) (NN idea)))))) (. ?)),(S (NP (PRP It)) (VP (VBZ 's) (NP (DT a) (JJ-CONTRAST terrible) (NN idea))) (. .))
1010,CNN,LarryKingLive/0604-18-lkl.01.txt,Is Peter an atheist?,I think he's an agnostic.,,1,3,9,17,DEVELOPMENT,(SQ (VBZ Is) (NP (NNP Peter)) (NP (DT an) (NN-CONTRAST atheist)) (. ?)),(S (NP (PRP I)) (VP (VBP think) (SBAR (S (NP (PRP he)) (VP (VBZ 's) (NP (DT an) (NN-CONTRAST agnostic)))))) (. .))
1009,CNN,LarryKingLive/0602-15-lkl.01.txt,Is it a comedy?,I think it's a black comedy.,,14,16,0,0,DEVELOPMENT,(SQ (VBZ Is) (NP (PRP it)) (NP (DT a) (NN-CONTRAST comedy)) (. ?)),(S (NP (PRP I)) (VP (VBP think) (SBAR (S (NP (PRP it)) (VP (VBZ 's) (NP (DT a) (JJ-CONTRAST black) (NN-CONTRAST comedy)))))) (. .))
91,CNN,LateEdition/0702-11-le.01.txt,Is the president right to support the new legislation?,The president's wrong on that one.,,1,1,27,1,DEVELOPMENT,(SQ (VBZ Is) (NP (DT the) (NN president)) (ADJP (JJ-CONTRAST right)) (S (VP (TO to) (VP (VB support) (NP (DT the) (JJ new) (NN legislation))))) (. ?)),(S (NP (DT The) (NN president)) (VP (VBZ 's) (ADJP (JJ-CONTRAST wrong) (PP (IN on) (NP (DT that) (NN one))))) (. .))
1003,CNN,AndersonCooper360/0810-01-acd.01.txt,Are his business ties an issue?,It's a blatant conflict of interest.,,22,7,1,0,DEVELOPMENT,(SQ (VBP Are) (NP (PRP$ his) (NN business) (NNS ties)) (NP (DT an) (NN-CONTRAST issue)) (. ?)),(S (NP (PRP It)) (VP (VBZ 's) (NP (DT a) (ADJP (JJ-CONTRAST blatant)) (NP-CONTRAST (NN conflict) (PP (IN of) (NP (NN interest)))))) (. .))
85,CNN,LateEdition/0509-18-le.01.txt,Is it a good idea to repopulate the region?,"Well, it's a terrific idea.",,29,1,0,0,DEVELOPMENT,(SQ (VBZ Is) (NP (PRP it)) (NP (NP (DT a) (JJ-CONTRAST good) (NN idea)) (S (VP (TO to) (VP (VB repopulate) (NP (DT the) (NN region)))))) (. ?)),"(S (INTJ (UH Well)) (, ,) (NP (PRP it)) (VP (VBZ 's) (NP (DT a) (JJ-CONTRAST terrific) (NN idea))) (. .))"
157,CNN,TheSituationRoom/0509-19-sitroom.03.txt,Is this hurricane season extraordinary?,Very unusual.,,13,17,0,0,DEVELOPMENT,(SQ (VBZ Is) (NP (DT this) (NN hurricane) (NN season)) (ADJP (JJ-CONTRAST extraordinary)) (. ?)),(FRAG (ADJP-CONTRAST (RB Very) (JJ unusual)) (. .))
133,CNN,TheSituationRoom/0806-25-sitroom.01.txt,Are you comfortable with the new measures?,"If the voters approve it, it's ok with me.",,10,20,0,0,DEVELOPMENT,(SQ (VBP Are) (NP (PRP you)) (ADJP (JJ-CONTRAST comfortable) (PP (IN with) (NP (DT the) (JJ new) (NNS measures)))) (. ?)),"(S (SBAR (IN If) (S (NP (DT the) (NNS voters)) (VP (VBP approve) (NP (PRP it))))) (, ,) (NP (PRP it)) (VP (VBZ 's) (ADJP (JJ-CONTRAST ok) (PP (IN with) (NP (PRP me))))) (. .))"
87,CNN,LateEdition/0104-15-le.00.txt,Is it a good idea?,I think it's a great idea.,,29,1,0,0,DEVELOPMENT,(SQ (VBZ Is) (NP (PRP it)) (NP (DT a) (JJ-CONTRAST good) (NN idea)) (. ?)),(S (NP (PRP I)) (VP (VBP think) (SBAR (S (NP (PRP it)) (VP (VBZ 's) (NP (DT a) (JJ-CONTRAST great) (NN idea)))))) (. .))
1015,CNN,LateEdition/0802-24-le.01.txt,Is it a fun experience?,It's an awesome experience.,,26,4,0,0,DEVELOPMENT,(SQ (VBZ Is) (NP (PRP it)) (NP (DT a) (NN-CONTRAST fun) (NN experience)) (. ?)),(S (NP (PRP It)) (VP (VBZ 's) (NP (DT an) (JJ-CONTRAST awesome) (NN experience))) (. .))
118,CNN,LouDobbsTonight/0507-25-ldt.01.txt,Is the new judge really this good?,He is great.,,30,0,0,0,DEVELOPMENT,(SQ (VBZ Is) (NP (DT the) (JJ new) (NN judge)) (ADVP (RB really)) (NP (DT this) (JJ-CONTRAST good)) (. ?)),(S (NP (PRP He)) (VP (VBZ is) (ADJP (JJ-CONTRAST great))) (. .))
98,CNN,TheSituationRoom/0707-17-sitroom.02.txt,Is the senator's claim correct?,It's absolutely untrue.,,0,0,28,2,DEVELOPMENT,(SQ (VBZ Is) (NP (NP (DT the) (NN senator) (POS 's)) (NN claim)) (ADJP (JJ-CONTRAST correct)) (. ?)),(S (NP (PRP It)) (VP (VBZ 's) (ADJP-CONTRAST (RB absolutely) (JJ untrue))) (. .))
171,CNN,LarryKingLive/0108-05-lklw.00.txt,Is it hard for you?,It's been extremely difficult for me.,,28,2,0,0,DEVELOPMENT,(SQ (VBZ Is) (NP (PRP it)) (ADJP (JJ-CONTRAST hard) (PP (IN for) (NP (PRP you)))) (. ?)),(S (NP (PRP It)) (VP (VBZ 's) (VP (VBN been) (ADJP-CONTRAST (RB extremely) (JJ difficult)) (PP (IN for) (NP (PRP me))))) (. .))
110,CNN,LouDobbsTonight/0703-28-ldt.02.txt,Is it your sense you're going to be able to get your law through?,We're very confident.,,15,15,0,0,DEVELOPMENT,(SQ (VBZ Is) (NP (PRP it)) (NP-CONTRAST (PRP$ your) (NN sense)) (SBAR (S (NP (PRP you)) (VP (VBP 're) (VP (VBG going) (S (VP (TO to) (VP (VB be) (ADJP (JJ able) (S (VP (TO to) (VP (VB get) (NP (PRP$ your) (NN law)) (PRT (RP through))))))))))))) (. ?)),(S (NP (PRP We)) (VP (VBP 're) (ADJP-CONTRAST (RB very) (JJ confident))) (. .))
79,CNN,LarryKingLive/0103-27-lkl.00.txt,Do you think she'd be happy with this book?,I think she'd be delighted by it.,,28,2,0,0,DEVELOPMENT,(SQ (VBP Do) (NP (PRP you)) (VP (VB think) (SBAR (S (NP (PRP she)) (VP (MD 'd) (VP (VB be) (ADJP (JJ-CONTRAST happy) (PP (IN with) (NP (DT this) (NN book))))))))) (. ?)),(S (NP (PRP I)) (VP (VBP think) (SBAR (S (NP (PRP she)) (VP (MD 'd) (VP (VB be) (ADJP (JJ-CONTRAST delighted) (PP (IN by) (NP (PRP it))))))))) (. .))
153,CNN,TheSituationRoom/0707-17-sitroom.01.txt,Do you have confidence in the estimate?,I'm a bit more skeptical than I'd like to be about these things for all the obvious reasons.,,0,0,12,18,DEVELOPMENT,(SQ (VBP Do) (NP (PRP you)) (VP (VB have) (NP (NP (NN-CONTRAST confidence)) (PP (IN in) (NP (DT the) (NN estimate))))) (. ?)),(S (NP (PRP I)) (VP (VBP 'm) (ADJP (ADJP (NP (DT a) (RB bit)) (RBR more) (JJ-CONTRAST skeptical)) (SBAR (IN than) (S (NP (PRP I)) (VP (MD 'd) (VP (VB like) (S (VP (TO to) (VP (VB be) (PP (IN about) (NP (NP (DT these) (NNS things)) (PP (IN for) (NP (PDT all) (DT the) (JJ obvious) (NNS reasons)))))))))))))) (. .))
1012,CNN,LarryKingLive/0711-29-lkl.01.txt,Was this a commercial plane?,It was a private plane.,no,0,0,27,3,DEVELOPMENT,(SQ (VBD Was) (NP (DT this)) (NP (DT a) (JJ-CONTRAST commercial) (NN plane)) (. ?)),(S (NP (PRP It)) (VP (VBD was) (NP (DT a) (JJ-CONTRAST private) (NN plane))) (. .))
83,CNN,LouDobbsTonight/0602-24-ldt.01.txt,Is it good that our representatives are finally listening to working people?,I think it's a very positive thing.,,26,4,0,0,DEVELOPMENT,(SQ (VBZ Is) (NP (PRP it)) (ADJP (JJ-CONTRAST good)) (SBAR (IN that) (S (NP (PRP$ our) (NNS representatives)) (VP (VBP are) (ADVP (RB finally)) (VP (VBG listening) (PP (TO to) (NP (VBG working) (NNS people)))))) (. ?))),(S (NP (PRP I)) (VP (VBP think) (SBAR (S (NP (PRP it)) (VP (VBZ 's) (NP (DT a) (ADJP-CONTRAST (RB very) (JJ positive)) (NN thing)))))) (. .))
65,CNN,LateEdition/0112-23-le.00.txt,Is the payout distribution fair?,It's about as fair as you can get under the circumstances.,,8,20,0,2,DEVELOPMENT,(SQ (VBZ Is) (NP (DT the) (NN payout) (NN distribution)) (ADJP-CONTRAST (JJ fair)) (. ?)),(S (NP (PRP It)) (VP (VBZ 's) (ADJP-CONTRAST (IN about) (RB as) (JJ fair)) (SBAR (IN as) (S (NP (PRP you)) (VP (MD can) (VP (VB get) (PP (IN under) (NP (DT the) (NNS circumstances)))))))) (. .))
154,CNN,LarryKingLive/0104-12-lkl.00.txt,Is walking four miles a day good exercise?,"Well, I think that is terrific.",,23,7,0,0,DEVELOPMENT,(SQ (VBZ Is) (S (VP (VBG walking) (NP (CD four) (NNS miles)) (NP-TMP (DT a) (NN day)))) (NP (JJ-CONTRAST good) (NN exercise)) (. ?)),"(S (INTJ (UH Well)) (, ,) (NP (PRP I)) (VP (VBP think) (SBAR (S (NP (DT that)) (VP (VBZ is) (ADJP (JJ-CONTRAST terrific)))))) (. .))"
1008,CNN,LarryKingLive/0504-06-lkl.01.txt,Was he a great movie director?,He was a wonderful movie director.,,25,5,0,0,DEVELOPMENT,(SQ (VBD Was) (NP (PRP he)) (NP (DT a) (JJ-CONTRAST great) (NN movie) (NN director)) (. ?)),(S (NP (PRP He)) (VP (VBD was) (NP (DT a) (JJ-CONTRAST wonderful) (NN movie) (NN director))) (. .))
1001,CNN,AndersonCooper360/0702-05-acd.02.txt,Is this a giant step?,It's a big step.,,7,22,0,1,DEVELOPMENT,(SQ (VBZ Is) (NP (DT this)) (NP (DT a) (JJ-CONTRAST giant) (NN step)) (. ?)),(S (NP (PRP It)) (VP (VBZ 's) (NP (DT a) (JJ-CONTRAST big) (NN step))) (. .))
1000,CNN,AndersonCooper360/0606-26-acd.02.txt,Is it a smart move to call him back?,It's a tough call.,,0,3,1,26,DEVELOPMENT,(SQ (VBZ Is) (NP (PRP it)) (NP (NP-CONTRAST (DT a) (JJ smart) (NN move))) (S (VP (TO to) (VP (VB call)) (SBAR (S (NP (PRP him)) (VP (VBP back)))))) (. ?)),(S (NP (PRP It)) (VP (VBZ 's) (NP-CONTRAST (DT a) (JJ tough) (NN call))) (. .))
129,CNN,LateEdition/0607-23-le.01.txt,Is it wise right now to engage them directly?,"Well, I don't think that's appropriate.",,0,0,19,11,DEVELOPMENT,(SQ (VBZ Is) (NP (PRP it)) (ADJP (JJ-CONTRAST wise) (ADVP (JJ right) (RB now)) (S (VP (TO to) (VP (VB engage) (NP (PRP them)) (ADVP (RB directly)))))) (. ?)),"(S (INTJ (UH Well)) (, ,) (NP (PRP I)) (VP (VBP do) (RB n't) (VP (VB think) (SBAR (IN that) (S (VP (VBZ 's) (ADJP (JJ-CONTRAST appropriate))))))) (. .))"
1014,CNN,LateEdition/0304-20-le.00.txt,Is he a lock for reelection?,I think he's an overwhelming favorite.,,18,11,0,1,DEVELOPMENT,(SQ (VBZ Is) (NP (PRP he)) (NP (NP-CONTRAST (DT a) (NN lock)) (PP (IN for) (NP (NN reelection)))) (. ?)),(S (NP (PRP I)) (VP (VBP think) (SBAR (S (NP (PRP he)) (VP (VBZ 's) (NP-CONTRAST (DT an) (JJ overwhelming) (NN favorite)))))) (. .))
131,CNN,LarryKingLive/0504-15-lkl.01.txt,Was he a successful ruler?,"Oh, a tremendous ruler.",,23,7,0,0,DEVELOPMENT,(SQ (VBD Was) (NP (PRP he)) (NP (DT a) (JJ-CONTRAST successful) (NN ruler)) (. ?)),"(FRAG (INTJ (UH Oh)) (, ,) (NP (DT a) (JJ-CONTRAST tremendous) (NN ruler)) (. .))"
94,CNN,LarryKingLive/0203-22-lkl.00.txt,Are you happy with your current employers?,They're great.,,28,2,0,0,DEVELOPMENT,(SQ (VBP Are) (NP (PRP you)) (ADJP (JJ-CONTRAST happy) (PP (IN with) (NP (PRP$ your) (JJ current) (NNS employers)))) (. ?)),(S (NP (PRP They)) (VP (VBP 're) (ADJP (JJ-CONTRAST great))) (. .))
1016,CNN,TheSituationRoom/0512-01-sitroom.02.txt,Is that a fair concern?,It's a legitimate concern.,,13,16,0,1,DEVELOPMENT,(SQ (VBZ Is) (NP (DT that)) (NP (DT a) (JJ-CONTRAST fair) (NN concern)) (. ?)),(S (NP (PRP It)) (VP (VBZ 's) (NP (DT a) (JJ-CONTRAST legitimate) (NN concern))) (. .))
1005,CNN,LarryKingLive/0211-12-lkl.00.txt,Was he a weak witness?,I thought he was a very weak witness.,,26,3,0,1,DEVELOPMENT,(SQ (VBD Was) (NP (PRP he)) (NP (DT a) (JJ-CONTRAST weak) (NN witness)) (. ?)),(S (NP (PRP I)) (VP (VBD thought) (SBAR (S (NP (PRP he)) (VP (VBD was) (NP (DT a) (ADJP-CONTRAST (RB very) (JJ weak)) (NN witness)))))) (. .))
97,CNN,AndersonCooper360/0601-10-acd.01.txt,Are the hostages okay?,They're doing fine.,,23,6,0,1,DEVELOPMENT,(SQ (VBP Are) (NP (DT the) (NNS hostages)) (ADJP (JJ-CONTRAST okay) (. ?))),(S (NP (PRP They)) (VP (VBP 're) (VP (VBG doing) (ADJP (JJ-CONTRAST fine)))) (. .))
92,CNN,LarryKingLive/0510-24-lkl.01.txt,Is the weather nice now?,Beautiful weather.,,27,3,0,0,DEVELOPMENT,(SQ (VBZ Is) (NP (DT the) (NN weather)) (ADJP (JJ-CONTRAST nice) (RB now)) (. ?)),(FRAG (NP (JJ-CONTRAST Beautiful) (NN weather)) (. .))
1011,CNN,LarryKingLive/0606-23-lkl.01.txt,Is there a winner by audience vote?,"Well, the audience has a lot to do with it.",,0,27,0,3,DEVELOPMENT,(SQ (VBZ Is) (NP (EX there)) (NP (NP (DT a) (NN winner)) (PP-CONTRAST (IN by) (NP (NN audience) (NN vote)))) (. ?)),"(S (INTJ (UH Well)) (, ,) (NP (DT the) (NN audience)) (VP-CONTRAST (VBZ has) (NP (DT a) (NN lot) (S (VP (TO to) (VP (VB do) (PP (IN with) (NP (PRP it)))))))) (. .))"
155,CNN,LouDobbsTonight/0409-08-ldt.00.txt,Are you comfortable staying here for a while?,I'd be happy to do that.,,22,8,0,0,DEVELOPMENT,(SQ (VBP Are) (NP (PRP you)) (ADJP (JJ-CONTRAST comfortable) (S (VP (VBG staying) (ADVP (RB here)) (PP (IN for) (NP (DT a) (NN while)))))) (. ?)),(S (NP (PRP I)) (VP (MD 'd) (VP (VB be) (ADJP (JJ-CONTRAST happy) (S (VP (TO to) (VP (VB do) (NP (DT that)))))))) (. .))
145,CNN,LarryKingLive/0206-27-lkl.00.txt,Is that a good idea?,I think it's a wonderful idea.,,28,2,0,0,DEVELOPMENT,(SQ (VBZ Is) (NP (DT that)) (NP (DT a) (JJ-CONTRAST good) (NN idea)) (. ?)),(S (NP (PRP I)) (VP (VBP think) (SBAR (S (NP (PRP it)) (VP (VBZ 's) (NP (DT a) (JJ-CONTRAST wonderful) (NN idea)))))) (. .))
115,CNN,AndersonCooper360/0407-16-acd.00.txt,Is the new show worth seeing?,I think it's really really funny.,,13,17,0,0,DEVELOPMENT,(SQ (VBZ Is) (NP (DT the) (JJ new) (NN show)) (ADJP-CONTRAST (JJ worth) (VBG seeing)) (. ?)),(S (NP (PRP I)) (VP (VBP think) (SBAR (S (NP (PRP it)) (VP (VBZ 's) (ADVP-CONTRAST (RB really)) (ADJP (RB really) (JJ funny)))))) (. .))
143,CNN,LouDobbsTonight/0410-19-ldt.01.txt,Do you think it's a good idea to just ignore these numbers?,I think it's an excellent idea.,,29,1,0,0,DEVELOPMENT,(SQ (VBP Do) (NP (PRP you)) (VP (VB think) (SBAR (S (NP (PRP it)) (VP (VBZ 's) (NP (DT a) (JJ-CONTRAST good) (NN idea) (S (VP (TO to) (VP (ADVP (RB just)) (VB ignore) (NP (DT these) (NNS numbers)))))))))) (. ?)),(S (NP (PRP I)) (VP (VBP think) (SBAR (S (NP (PRP it)) (VP (VBZ 's) (NP (DT an) (JJ-CONTRAST excellent) (NN idea)))))) (. .))
1002,CNN,AndersonCooper360/0809-30-acd.01.txt,Is that a barrette?,I think it's a ponytail.,,0,1,7,22,DEVELOPMENT,(SQ (VBZ Is) (NP (DT that)) (NP (DT a) (NN-CONTRAST barrette)) (. ?)),(S (NP (PRP I)) (VP (VBP think) (SBAR (S (NP (PRP it)) (VP (VBZ 's) (NP (DT a) (NN-CONTRAST ponytail)))))) (. .))
1004,CNN,LarryKingLive/0206-04-lkl.01.txt,Is there an heir apparent?,There's a number of heirs apparent.,,20,8,0,2,DEVELOPMENT,(SQ (VBZ Is) (NP (EX there)) (NP (NP (DT-CONTRAST an) (NN heir)) (ADJP (JJ apparent))) (. ?)),(S (NP (EX There)) (VP (VBZ 's) (NP (NP (DT-CONTRAST a) (NN-CONTRAST number)) (PP (IN of) (NP (NP (NNS heirs)) (ADJP (JJ apparent)))))) (. .))
137,CNN,LarryKingLive/0112-08-lklw.00.txt,Are you encouraged by the new developments?,I'm not so optimistic for the time being.,,0,1,15,14,DEVELOPMENT,(SQ (VBP Are) (NP (PRP you)) (ADJP (JJ-CONTRAST encouraged) (PP (IN by) (NP (DT the) (JJ new) (NNS developments)))) (. ?)),(S (NP (PRP I)) (VP (VBP 'm) (RB not) (ADJP (RB so) (JJ-CONTRAST optimistic) (PP (IN for) (NP (DT the) (NN time) (VBG being))))) (. .))
174,CNN,LarryKingLive/0008-28-lkl.00.txt,Is health going to be a big issue?,I think health is going to be a major issue.,,28,2,0,0,EVALUATION,(SQ (VBZ Is) (NP (NN health)) (VP (VBG going) (S (VP (TO to) (VP (VB be) (NP (DT a) (JJ-CONTRAST big) (NN issue)))))) (. ?)),(S (NP (PRP I)) (VP (VBP think) (SBAR (S (NP (NN health)) (VP (VBZ is) (VP (VBG going) (S (VP (TO to) (VP (VB be) (NP (DT a) (JJ-CONTRAST major) (NN issue)))))))))) (. .))
127,CNN,LouDobbsTonight/0512-19-ldt.01.txt,Do you think that's a big problem we should be addressing?,I think it's a huge problem.,,25,5,0,0,EVALUATION,(SQ (VBP Do) (NP (PRP you)) (VP (VB think) (SBAR (S (NP (DT that)) (VP (VBZ 's) (NP (NP (DT a) (JJ-CONTRAST big) (NN problem)) (SBAR (S (NP (PRP we)) (VP (MD should) (VP (VB be) (VP (VBG addressing))))))))))) (. ?)),(S (NP (PRP I)) (VP (VBP think) (SBAR (S (NP (PRP it)) (VP (VBZ 's) (NP (DT a) (JJ-CONTRAST huge) (NN problem)))))) (. .))
117,CNN,AndersonCooper360/0702-02-acd.01.txt,Are you confident you are going to get the help you need?,We're very optimistic.,,18,12,0,0,EVALUATION,(SQ (VBP Are) (NP (PRP you)) (ADJP (JJ-CONTRAST confident) (SBAR (S (NP (PRP you)) (VP (VBP are) (VP (VBG going) (S (VP (TO to) (VP (VB get) (NP (NP (DT the) (NN help)) (SBAR (S (NP (PRP you)) (VP (VBP need))))))))))))) (. ?)),(S (NP (PRP We)) (VP (VBP 're) (ADJP-CONTRAST (RB very) (JJ optimistic))) (. .))
1017,CNN,SanjayGuptaMD/0511_19_hcsg.01.txt,Is this a solvable problem?,"Well, it's a societal problem.",,0,5,0,25,EVALUATION,(SQ (VBZ Is) (NP (DT this)) (NP (DT a) (JJ-CONTRAST solvable) (NN problem)) (. ?)),"(S (INTJ (UH Well)) (, ,) (NP (PRP it)) (VP (VBZ 's) (NP (DT a) (JJ-CONTRAST societal) (NN problem))) (. .))"
22,CNN,LateEdition/0207-07-le.00.txt,Is the lack of security on private planes a huge gap in the security system?,It is a gap.,,10,20,0,0,EVALUATION,(SQ (VBZ Is) (NP (NP (DT the) (NN lack)) (PP (IN of) (NP (NP (NN security)) (PP (IN on) (NP (JJ private) (NNS planes)))))) (NP (NP (DT a) (JJ-CONTRAST huge) (NN-CONTRAST gap)) (PP (IN in) (NP (DT the) (NN security) (NN system)))) (. ?)),(S (NP (PRP It)) (VP (VBZ is) (NP (DT a) (NN-CONTRAST gap))) (. .))
120,CNN,TheSituationRoom/0605-12-sitroom.02.txt,Did I get all the details right?,I think you did very well.,,11,18,0,1,EVALUATION,(SQ (VBD Did) (NP (PRP I)) (VP (VB get) (NP (PDT all) (DT the) (NNS details)) (ADVP (RB-CONTRAST right))) (. ?)),(S (NP (PRP I)) (VP (VBP think) (SBAR (S (NP (PRP you)) (VP (VBD did) (ADVP-CONTRAST (RB very) (RB well)))))) (. .))
136,CNN,LateEdition/0212-01-le.00.txt,Are you ready to question the decision?,I think it's premature at this point.,,0,1,18,11,EVALUATION,(SQ (VBP Are) (NP (PRP you)) (ADJP (JJ-CONTRAST ready) (S (VP (TO to) (VP (VB question) (NP (DT the) (NN decision)))))) (. ?)),(S (NP (PRP I)) (VP (VBP think) (SBAR (S (NP (PRP it)) (VP (VBZ 's) (ADJP (JJ-CONTRAST premature) (PP (IN at) (NP (DT this) (NN point)))))))) (. .))
1007,CNN,LarryKingLive/0411-18-lkl.01.txt,Is that a problem for Monaco?,It's a problem everywhere in the world.,,16,14,0,0,EVALUATION,(SQ (VBZ Is) (NP (DT that)) (NP (NP (DT a) (NN problem)) (PP-CONTRAST (IN for) (NP (NNP Monaco)))) (. ?)),(S (NP (PRP It)) (VP (VBZ 's) (NP (NP (DT a) (NN problem)) (ADVP-CONTRAST (RB everywhere) (PP (IN in) (NP (DT the) (NN world)))))) (. .))
1006,CNN,LarryKingLive/0309-19-lkl.00.txt,Was the announcement a bold and correct move?,I think it was a correct move.,,15,13,0,2,EVALUATION,(SQ (VBD Was) (NP (DT the) (NN announcement)) (PP (DT a) (NP (JJ-CONTRAST bold) (CC-CONTRAST and) (JJ-CONTRAST correct) (NN move))) (. ?)),(S (NP (PRP I)) (VP (VBP think) (SBAR (S (NP (PRP it)) (VP (VBD was) (NP (DT a) (JJ-CONTRAST correct) (NN move)))))) (. .))
1018,CNN,YourMoney/0410_10_cnnitm.01.txt,Is an allowance a bad thing?,An allowance is a good thing.,no,2,0,27,1,EVALUATION,(SQ (VBZ Is) (NP (DT an) (NN allowance)) (NP (DT a) (JJ-CONTRAST bad) (NN thing)) (. ?)),(S (NP (DT An) (NN allowance)) (VP (VBZ is) (NP (DT a) (JJ-CONTRAST good) (NN thing))) (. .))
166,CNN,LarryKingLive/0103-24-lklw.00.txt,Is the current case a good example of that?,It is an excellent example.,,28,2,0,0,EVALUATION,(SQ (VBZ Is) (NP (DT the) (JJ current) (NN case)) (NP (NP (DT a) (JJ-CONTRAST good) (NN example)) (PP (IN of) (NP (DT that)))) (. ?)),(S (NP (PRP It)) (VP (VBZ is) (NP (DT an) (JJ-CONTRAST excellent) (NN example))) (. .))
109,CNN,AndersonCooper360/0802-07-acd.02.txt,Is it necessary to change the current system?,It's vital.,,29,1,0,0,EVALUATION,(SQ (VBZ Is) (NP (PRP it)) (ADJP (JJ-CONTRAST necessary)) (S (VP (TO to) (VP (VB change) (NP (DT the) (JJ current) (NN system))))) (. ?)),(S (NP (PRP It)) (VP (VBZ 's) (ADJP (JJ-CONTRAST vital))) (. .))
168,CNN,LarryKingLive/0808-28-lkl.01.txt,Was it a good ad?,It was a great ad.,,30,0,0,0,EVALUATION,(SQ (VBD Was) (NP (PRP it)) (NP (DT a) (JJ-CONTRAST good) (NN ad)) (. ?)),(S (NP (PRP It)) (VP (VBD was) (NP (DT a) (JJ-CONTRAST great) (NN ad))) (. .))
1013,CNN,LarryKingLive/0801-04-lkl.01.txt,Was it a migraine?,It was a very serious headache.,,2,21,3,4,EVALUATION,(SQ (VBD Was) (NP (PRP it)) (NP (DT a) (NN-CONTRAST migraine)) (. ?)),(S (NP (PRP It)) (VP (VBD was) (NP (DT a) (ADJP-CONTRAST (RB very) (JJ serious)) (NN-CONTRAST headache))) (. .))
147,CNN,AndersonCooper360/0407-30-acd.00.txt,Is it correct that you want to confront him?,That's right.,,29,1,0,0,EVALUATION,(SQ (VBZ Is) (NP (PRP it)) (ADJP (JJ-CONTRAST correct)) (SBAR (IN that) (S (NP (PRP you)) (VP (VBP want) (S (VP (TO to) (VP (VB confront) (NP (PRP him)))))))) (. ?)),(S (NP (DT That)) (VP (VBZ 's) (ADJP (JJ-CONTRAST right))) (. .))
150,CNN,LouDobbsTonight/0608-08-ldt.01.txt,Is it relatively quiet as compared to previous nights?,It is certainly lighter than it was on Monday.,,5,20,1,4,EVALUATION,(SQ (VBZ Is) (NP (PRP it)) (ADJP-CONTRAST (RB relatively) (JJ quiet)) (S (ADJP (IN as)) (S (VP (VBN compared) (PP (TO to) (NP (JJ previous) (NNS nights)))))) (. ?)),(S (NP (PRP It)) (VP (VBZ is) (ADVP (RB-CONTRAST certainly)) (ADJP (JJR-CONTRAST lighter)) (SBAR (IN than) (S (NP (PRP it)) (VP (VBD was) (PP (IN on) (NP (NNP Monday))))))) (. .))
104,CNN,AndersonCooper360/0805-08-acd.01.txt,Are you ready for this next phase?,I'm actually looking forward to it.,,25,4,1,0,EVALUATION,(SQ (VBP Are) (NP (PRP you)) (ADJP (JJ-CONTRAST ready) (PP (IN for) (NP (DT this) (JJ next) (NN phase)))) (. ?)),(S (NP (PRP I)) (VP (VBP 'm) (ADVP (RB actually)) (VP (VBG-CONTRAST looking) (ADVP (RB-CONTRAST forward)) (PP (TO-CONTRAST to) (NP (PRP it))))) (. .))
4000,Hirschberg,Hirschberg1985,Did you manage to read that section I gave you?,I read the first couple of pages.,,0,6,6,18,DEVELOPMENT,(SQ (VBD Did) (NP (PRP you)) (VP (VB manage) (S (VP (TO to) (VP (VB read) (NP-CONTRAST (NP (DT that) (NN section)) (SBAR (S (NP (PRP I)) (VP (VBD gave) (NP (PRP you)))))))))) (. ?)),(S (NP (PRP I)) (VP (VBP read) (NP-CONTRAST (NP (DT the) (JJ first) (NN couple)) (PP (IN of) (NP (NNS pages))))) (. .))
4021,Hirschberg,Hirschberg1985,Are you on your honeymoon?,"Well, I was.",,0,5,12,13,DEVELOPMENT,(SQ (VBP-CONTRAST Are) (NP (PRP you)) (PP (IN on) (NP (PRP$ your) (NN honeymoon))) (. ?)),"(S (INTJ (UH Well)) (, ,) (NP (PRP I)) (VP (VBD-CONTRAST was)) (. .))"
4034,Hirschberg,Hirschberg1985,Are you sick?,I've got allergies.,,3,10,2,15,DEVELOPMENT,(SQ (VBP Are) (NP (PRP you)) (ADJP (JJ-CONTRAST sick) (. ?))),(S (NP (PRP I)) (VP (VBP 've) (VP-CONTRAST (VBN got) (NP (NNS allergies)))) (. .))
4031,Hirschberg,Hirschberg1985,Do you have italian dressing?,We have vinaigrette.,,1,7,9,13,DEVELOPMENT,(SQ (VBP Do) (NP (PRP you)) (VP (VB have) (NP (JJ-CONTRAST italian) (NN dressing))) (. ?)),(S (NP (PRP We)) (VP (VBP have) (NP (NN-CONTRAST vinaigrette))) (. .))
4029,Hirschberg,Hirschberg1985,Have you had your granola?,I had grapefruit.,,0,0,17,13,DEVELOPMENT,(SQ (VBP Have) (NP (PRP you)) (VP (VBN had) (NP (PRP$ your) (NN-CONTRAST granola))) (. ?)),(S (NP (PRP I)) (VP (VBD had) (VP (VBN-CONTRAST grapefruit))) (. .))
4017,Hirschberg,Hirschberg1985,Do you know how many we have?,We can check.,,0,2,10,18,DEVELOPMENT,(SQ (VBP Do) (NP (PRP you)) (VP (VB-CONTRAST know) (SBAR (WHADJP (WRB how) (JJ many)) (S (NP (PRP we)) (VP (VBP have))))) (. ?)),(S (NP (PRP We)) (VP-CONTRAST (MD can) (VP (VB check))) (. .))
4015,Hirschberg,Hirschberg1985,You don't like the snow?,I loathe it.,,12,1,16,1,DEVELOPMENT,(S (NP (PRP You)) (VP (VBP do) (RB n't) (VP (VB-CONTRAST like) (NP (DT the) (NN snow)))) (. ?)),(S (NP (PRP I)) (VP (VBP-CONTRAST loathe) (NP (PRP it))) (. .))
4016,Hirschberg,Hirschberg1985,Do you need this?,I want it.,,2,15,0,13,DEVELOPMENT,(SQ (VBP Do) (NP (PRP you)) (VP (VB-CONTRAST need) (NP (DT this))) (. ?)),(S (NP (PRP I)) (VP (VBP-CONTRAST want) (NP (PRP it))) (. .))
4033,Hirschberg,Hirschberg1985,Is she taking any medication?,She's taking vitamins.,,3,3,4,20,DEVELOPMENT,(SQ (VBZ Is) (NP (PRP she)) (VP (VBG taking) (NP (DT any) (NN-CONTRAST medication))) (. ?)),(S (NP (PRP She)) (VP (VBZ 's) (VP (VBG taking) (NP (NNS-CONTRAST vitamins)))) (. .))
4004,Hirschberg,Hirschberg1985,Was he cute?,He wasn't stunning.,,2,2,7,19,DEVELOPMENT,(SQ (VBD Was) (NP (PRP he)) (ADJP (JJ-CONTRAST cute)) (. ?)),(S (NP (PRP He)) (VP (VBD was) (RB-CONTRAST n't) (ADJP (JJ-CONTRAST stunning))) (. .))
4024,Hirschberg,Hirschberg1985,Have you mailed that letter yet?,I haven't proofread it.,,0,0,25,5,DEVELOPMENT,(SQ (VBP Have) (NP (PRP you)) (VP (VBN-CONTRAST mailed) (NP (DT that) (NN letter)) (ADVP (RB yet))) (. ?)),(S (NP (PRP I)) (VP (VBP have) (RB-CONTRAST n't) (VP (VBN-CONTRAST proofread) (NP (PRP it)))) (. .))
4013,Hirschberg,Hirschberg1985,Does she like it?,She doesn't mind.,,0,25,0,5,DEVELOPMENT,(SQ (VBZ Does) (NP (PRP she)) (VP (VB-CONTRAST like) (NP (PRP it))) (. ?)),(S (NP (PRP She)) (VP (VBZ does) (RB-CONTRAST n't) (VP (VB-CONTRAST mind))) (. .))
4027,Hirschberg,Hirschberg1985,Have you ever knitted before?,I've done a lot of crocheting.,,1,7,2,20,DEVELOPMENT,(SQ (VBP Have) (NP (PRP you)) (VP (ADVP (RB ever)) (VBN-CONTRAST knitted) (PP (IN before))) (. ?)),(S (NP (PRP I)) (VP (VBP 've) (VP (VBN done) (NP (NP (DT a) (NN lot)) (PP (IN of) (NP (NN-CONTRAST crocheting)))))) (. .))
4010,Hirschberg,Hirschberg1985,Have you finished the third grade?,I've finished the fourth.,,20,9,1,0,DEVELOPMENT,(SQ (VBP Have) (NP (PRP you)) (VP (VBN finished) (NP (DT the) (JJ-CONTRAST third) (NN-CONTRAST grade))) (. ?)),(S (NP (PRP I)) (VP (VBP 've) (VP (VBN finished) (NP (DT the) (JJ-CONTRAST fourth)))) (. .))
4007,Hirschberg,Hirschberg1985,Did you buy a house?,We haven't gotten a mortgage yet.,,0,2,16,12,DEVELOPMENT,(SQ (VBD Did) (NP (PRP you)) (VP-CONTRAST (VB buy) (NP (DT a) (NN house))) (. ?)),(S (NP (PRP We)) (VP (VBP have) (RB-CONTRAST n't) (VP (VBN gotten) (NP (DT a) (NN-CONTRAST mortgage)) (ADVP (RB yet)))) (. .))
4026,Hirschberg,Hirschberg1985,Do you have apple juice?,I have grape or tomato or bloody mary mix.,,0,0,21,9,DEVELOPMENT,(SQ (VBP Do) (NP (PRP you)) (VP (VB have) (NP (NN-CONTRAST apple) (NN juice))) (. ?)),(S (NP (PRP I)) (VP (VBP have) (NP (NP (NN-CONTRAST grape) (CC or) (NN-CONTRAST tomato)) (CC or) (NP-CONTRAST (JJ bloody) (NN mary) (NN mix)))) (. .))
4025,Hirschberg,Hirschberg1985,Can you sing a Motels song right now?,My cousin can.,,0,0,13,17,DEVELOPMENT,(SQ (MD Can) (NP (PRP-CONTRAST you)) (VP (VB sing) (NP (DT a) (NNP Motels) (NN song)) (ADVP (RB right) (RB now))) (. ?)),(S (NP-CONTRAST (PRP$ My) (NN cousin)) (VP (MD can)) (. .))
4001,Hirschberg,Hirschberg1985,Have you made fondue in this pot yet?,Not chocolate fondue.,,1,19,1,9,DEVELOPMENT,(SQ (VBP Have) (NP (PRP you)) (VP (VBN made) (NP (NN-CONTRAST fondue)) (PP (IN in) (NP (DT this) (NN pot)))) (ADVP (RB yet)) (. ?)),(FRAG (NP-CONTRAST (RB Not) (NN chocolate) (NN fondue)) (. .))
4012,Hirschberg,Hirschberg1985,Have you read the third chapter?,I read the fourth.,,3,16,2,9,DEVELOPMENT,(SQ (VBP Have) (NP (PRP you)) (VP (VBN read) (NP (DT the) (JJ-CONTRAST third) (NN chapter))) (. ?)),(S (NP (PRP I)) (VP (VBP read) (NP (DT the) (JJ-CONTRAST fourth))) (. .))
4006,Hirschberg,Hirschberg1985,Do you speak Ladino?,I speak Spanish,,1,9,4,16,DEVELOPMENT,(SQ (VBP Do) (NP (PRP you)) (VP (VB speak) (NP (NNP-CONTRAST Ladino))) (. ?)),(S (NP (PRP I)) (VP (VBP speak) (NP (NNP-CONTRAST Spanish))))
4023,Hirschberg,Hirschberg1985,Have you mailed that letter yet?,I've typed it.,,0,0,15,15,DEVELOPMENT,(SQ (VBP Have) (NP (PRP you)) (VP (VBN-CONTRAST mailed) (NP (DT that) (NN letter)) (ADVP (RB yet))) (. ?)),(S (NP (PRP I)) (VP (VBP 've) (VP (VBN-CONTRAST typed) (NP (PRP it)))) (. .))
4032,Hirschberg,Hirschberg1985,Do you have paste?,We have rubber cement.,,0,8,4,18,DEVELOPMENT,(SQ (VBP Do) (NP (PRP you)) (VP (VB have) (NP-CONTRAST (NN paste))) (. ?)),(S (NP (PRP We)) (VP (VBP have) (NP-CONTRAST (NN rubber) (NN cement))) (. .))
4020,Hirschberg,Hirschberg1985,Should we have the ham during Christmas?,We could have it during Christmas.,,12,16,0,2,DEVELOPMENT,(SQ (MD-CONTRAST Should) (NP (PRP we)) (VP (VB have) (NP (DT the) (NN ham)) (PP (IN during) (NP (NNP Christmas)))) (. ?)),(S (NP (PRP We)) (VP (MD-CONTRAST could) (VP (VB have) (NP (PRP it)) (PP (IN during) (NP (NNP Christmas))))) (. .))
4005,Hirschberg,Hirschberg1985,Will you be here all semester?,I'll be here all year.,,24,6,0,0,DEVELOPMENT,(SQ (MD Will) (NP (PRP you)) (VP (VB be) (ADVP (RB here)) (NP-TMP (DT all) (NN-CONTRAST semester))) (. ?)),(S (NP (PRP I)) (VP (MD 'll) (VP (VB be) (ADVP (RB here)) (NP-TMP (DT all) (NN-CONTRAST year)))) (. .))
4037,Hirschberg,Hirschberg1985,Do you speak Greek?,I've never lived there.,,0,0,7,23,DEVELOPMENT,(SQ (VBP Do) (NP (PRP you)) (VP-CONTRAST (VBd speak) (NP (JJ Greek))) (. ?)),(S (NP (PRP I)) (VP (VBP 've) (ADVP (RB never)) (VP-CONTRAST (VBN lived) (ADVP (RB there)))) (. .))
4022,Hirschberg,Hirschberg1985,"So, is she married?",She's engaged.,,2,0,18,10,DEVELOPMENT,"(SQ (ADVP (RB So)) (, ,) (VBZ is) (NP (PRP she)) (ADVP (RB-CONTRAST married)) (. ?))",(S (NP (PRP She)) (VP (VBZ 's) (VP (VBN-CONTRAST engaged))) (. .))
4014,Hirschberg,Hirschberg1985,Are you in love with the guy?,"Well, I love him.",,10,18,1,1,EVALUATION,(SQ (VBP Are) (NP (PRP you)) (PP-CONTRAST (IN in) (NP (NP (NN love)) (PP (IN with) (NP (DT the) (NN guy))))) (. ?)),"(S (INTJ (UH Well)) (, ,) (NP (PRP I)) (VP (VBP-CONTRAST love) (NP (PRP him))) (. .))"
4030,Hirschberg,Hirschberg1985,Did you finish the book?,I read half of it.,,0,0,26,4,EVALUATION,(SQ (VBD Did) (NP (PRP you)) (VP (VB-CONTRAST finish) (NP (DT the) (NN book))) (. ?)),(S (NP (PRP I)) (VP (VBP-CONTRAST read) (NP (NP (NN-CONTRAST half)) (PP (IN of) (NP (PRP it))))) (. .))
4011,Hirschberg,Hirschberg1985,Have you read the third chapter?,I read the second.,,0,1,18,11,EVALUATION,(SQ (VBP Have) (NP (PRP you)) (VP (VBN read) (NP (DT the) (JJ-CONTRAST third) (NN chapter))) (. ?)),(S (NP (PRP I)) (VP (VBP read) (NP (DT the) (JJ-CONTRAST second))) (. .))
4036,Hirschberg,Hirschberg1985,Do you speak Greek?,I've spent some time there.,,0,12,1,17,EVALUATION,(SQ (VBP Do) (NP (PRP you)) (VP (VB-CONTRAST speak) (NP (JJ Greek))) (. ?)),(S (NP (PRP I)) (VP (VBP 've) (VP-CONTRAST (VBN spent) (NP (DT some) (NN time)) (ADVP (RB there)))) (. .))
4019,Hirschberg,Hirschberg1985,Are his feet blue?,They're kind of blue.,,7,23,0,0,EVALUATION,(SQ (VBP Are) (NP (PRP$ his) (NNS feet)) (ADJP (JJ-CONTRAST blue) (. ?))),(S (NP (PRP They)) (VP (VBP 're) (ADJP (ADVP-CONTRAST (NN kind) (IN of)) (JJ blue))) (. .))
4035,Hirschberg,Hirschberg1985,Are you Greek?,I speak some Greek.,,0,9,4,17,EVALUATION,(SQ (VBP Are) (NP (PRP you)) (ADJP-CONTRAST (VBG Greek)) (. ?)),(S (NP (PRP I)) (VP (VBP-CONTRAST speak) (NP (DT some) (JJ Greek))) (. .))
4008,Hirschberg,Hirschberg1985,Are you serving tea and coffee?,Tea or coffee.,,12,12,2,4,EVALUATION,(SQ (VBP Are) (NP (PRP you)) (VP (VBG serving) (NP (NN tea) (CC-CONTRAST and) (NN coffee))) (. ?)),(NP (NP (NP (NNP Tea)) (CC-CONTRAST or) (NP (NN coffee))) (. .))
4002,Hirschberg,Hirschberg1985,"So, Leo likes bonkers?",She likes the liver-flavored ones.,,8,22,0,0,EVALUATION,"(S (ADVP (RB So)) (, ,) (NP (NNP Leo)) (VP (VBZ likes) (NP (NNS-CONTRAST bonkers))) (. ?))",(S (NP (PRP She)) (VP (VBZ likes) (NP-CONTRAST (DT the) (JJ liver-flavored) (NNS ones))) (. .))
4018,Hirschberg,Hirschberg1985,Do you know what time it is?,I can find out.,,0,2,15,13,EVALUATION,(SQ (VBP Do) (NP (PRP you)) (VP (VB-CONTRAST know) (SBAR (WHNP (WP what) (NN time)) (S (NP (PRP it)) (VP (VBZ is))))) (. ?)),(S (NP (PRP I)) (VP (MD can) (VP-CONTRAST (VB find) (PRT (RP out)))) (. .))
4028,Hirschberg,Hirschberg1985,Do you have whole wheat bread?,"We have rye, pumpernickel, and rolls.",,0,1,12,17,EVALUATION,(SQ (VBP Do) (NP (PRP you)) (VP (VB have) (NP (JJ-CONTRAST whole) (NN-CONTRAST wheat) (NN bread))) (. ?)),"(S (NP (PRP We)) (VP (VBP have) (NP (NP (NN-CONTRAST rye)) (, ,) (NP (NN-CONTRAST pumpernickel)) (, ,) (CC and) (NP (NNS-CONTRAST rolls)))) (. .))"
4003,Hirschberg,Hirschberg1985,Have you gotten the letters yet?,I've gotten the letters from Jones.,,9,18,0,3,EVALUATION,(SQ (VBP Have) (NP (PRP you)) (VP (VBN gotten) (NP-CONTRAST (DT the) (NNS letters)) (ADVP (RB yet))) (. ?)),(S (NP (PRP I)) (VP (VBP 've) (VP (VBN gotten) (NP (DT the) (NNS-CONTRAST letters)) (PP-CONTRAST (IN from) (NP (NNP Jones))))) (. .))
4009,Hirschberg,Hirschberg1985,Have you finished the third grade?,I've finished the second.,,1,0,16,13,EVALUATION,(SQ (VBP Have) (NP (PRP you)) (VP (VBN finished) (NP (DT the) (JJ-CONTRAST third) (NN grade))) (. ?)),(S (NP (PRP I)) (VP (VBP 've) (VP (VBN finished) (NP (DT the) (JJ-CONTRAST second)))) (. .))
3050,Yahoo,YahooAnswers,Is the papaya a digestive fruit?,Every fruit is a digestive fruit.,yes,23,7,0,0,DEVELOPMENT,(SQ (VBZ Is) (NP-CONTRAST (DT the) (NN papaya)) (NP (DT a) (JJ digestive) (NN fruit)) (. ?)),(S (NP-CONTRAST (DT Every) (NN fruit)) (VP (VBZ is) (NP (DT a) (JJ digestive) (NN fruit))) (. .))
3044,Yahoo,YahooAnswers,Are nukes a good idea?,I think they are a bad idea.,,0,0,28,2,DEVELOPMENT,(SQ (VBP Are) (NP (NNS nukes)) (PP (FW a) (NP (JJ-CONTRAST good) (NN idea))) (. ?)),(S (NP (PRP I)) (VP (VBP think) (SBAR (S (NP (PRP they)) (VP (VBP are) (NP (DT a) (JJ-CONTRAST bad) (NN idea)))))) (. .))
3009,Yahoo,YahooAnswers,Is Eisenbraun a Jewish family name?,Eisenbraun is a German name.,,0,0,15,15,DEVELOPMENT,(SQ (VBZ Is) (NP (NNP Eisenbraun)) (NP (DT a) (JJ-CONTRAST Jewish) (NN family) (NN name)) (. ?)),(S (NP (NNP Eisenbraun)) (VP (VBZ is) (NP (DT a) (JJ-CONTRAST German) (NN name))) (. .))
3071,Yahoo,YahooAnswers,Is swimming a good form of exercise?,It is a very good one.,yes,29,1,0,0,DEVELOPMENT,(SQ (VBZ Is) (NP (NN swimming)) (NP (NP (DT a) (JJ-CONTRAST good) (NN form)) (PP (IN of) (NP (NN exercise)))) (. ?)),(S (NP (PRP It)) (VP (VBZ is) (NP (DT a) (ADJP (RB-CONTRAST very) (JJ-CONTRAST good)) (NN one))) (. .))
3058,Yahoo,YahooAnswers,Is Tupac a rock artist?,He is a rapper.,,1,0,21,8,DEVELOPMENT,(SQ (VBZ Is) (NP (NNP Tupac)) (NP (DT a) (NN-CONTRAST rock) (NN-CONTRAST artist)) (. ?)),(S (NP (PRP He)) (VP (VBZ is) (NP (DT a) (NN-CONTRAST rapper))) (. .))
3011,Yahoo,YahooAnswers,Is revenge a moral course to follow?,Revenge is a psycho course to follow.,no,0,0,21,9,DEVELOPMENT,(SQ (VBZ Is) (NP (NN revenge)) (NP (NP (DT a) (JJ-CONTRAST moral) (NN course)) (S (VP (TO to) (VP (VB follow))))) (. ?)),(S (NP (NN Revenge)) (VP (VBZ is) (NP (DT a) (JJ-CONTRAST psycho) (NN course) (S (VP (TO to) (VP (VB follow)))))) (. .))
3081,Yahoo,YahooAnswers,Is it a sin to get drunk?,It is a sin to drink to excess.,,13,14,1,2,DEVELOPMENT,(SQ (VBZ Is) (NP (PRP it)) (NP (NP (DT a) (NN sin)) (S (VP (TO to) (VP-CONTRAST (VB get) (ADVP (NN drunk)))))) (. ?)),(S (NP (PRP It)) (VP (VBZ is) (NP (DT a) (NN sin) (S (VP (TO to) (VP-CONTRAST (VB drink) (PP (TO to) (NP (NN excess)))))))) (. .))
3031,Yahoo,YahooAnswers,Is sleep a result of sin?,It's a result of biology.,no,0,0,21,9,DEVELOPMENT,(SQ (VBZ Is) (NP (NN sleep)) (NP (NP (DT a) (NN result)) (PP (IN of) (NP (NN-CONTRAST sin)))) (. ?)),(S (NP (PRP It)) (VP (VBZ 's) (NP (NP (DT a) (NN result)) (PP (IN of) (NP (NN-CONTRAST biology))))) (. .))
3046,Yahoo,YahooAnswers,Is Superman an illegal alien?,He is a super hero.,no,0,0,13,17,DEVELOPMENT,(SQ (VBZ Is) (NP (NNP Superman)) (NP (DT an) (JJ-CONTRAST illegal) (NN-CONTRAST alien)) (. ?)),(S (NP (PRP He)) (VP (VBZ is) (NP (DT a) (JJ-CONTRAST super) (NN-CONTRAST hero))) (. .))
3072,Yahoo,YahooAnswers,Is satan a televangelist?,Satan is a fairy tale character.,no,0,0,23,7,DEVELOPMENT,(SQ (VBZ Is) (NP (NN satan)) (NP (DT a) (NN-CONTRAST televangelist)) (. ?)),(S (NP (NNP Satan)) (VP (VBZ is) (NP (DT a) (NN-CONTRAST fairy) (NN-CONTRAST tale) (NN-CONTRAST character))) (. .))
3082,Yahoo,YahooAnswers,Is Atheism a religion?,Atheism is a cult.,no,0,2,12,16,DEVELOPMENT,(SQ (VBZ Is) (NP (NNP Atheism)) (NP (DT a) (NN-CONTRAST religion)) (. ?)),(S (NP (NNP Atheism)) (VP (VBZ is) (NP (DT a) (NN-CONTRAST cult))) (. .))
3075,Yahoo,YahooAnswers,Is Kenya a continent?,It's a country in eastern Africa.,no,0,1,24,5,DEVELOPMENT,(SQ (VBZ Is) (NP (NNP Kenya)) (NP (DT a) (NN-CONTRAST continent)) (. ?)),(S (NP (PRP It)) (VP (VBZ 's) (NP (NP (DT a) (NN-CONTRAST country)) (PP (IN in) (NP (JJ eastern) (NNP Africa))))) (. .))
3061,Yahoo,YahooAnswers,Is black a color?,Black is a shade.,,0,6,4,20,DEVELOPMENT,(SQ (VBZ Is) (NP (NN black)) (NP (DT a) (NN-CONTRAST color)) (. ?)),(S (NP (NNP Black)) (VP (VBZ is) (NP (DT a) (NN-CONTRAST shade))) (. .))
3045,Yahoo,YahooAnswers,Was JFK a Republican?,He was a Democrat.,no,0,0,29,1,DEVELOPMENT,(SQ (VBD Was) (NP (NNP JFK)) (NP (DT a) (NN-CONTRAST Republican)) (. ?)),(S (NP (PRP He)) (VP (VBD was) (NP (DT a) (NNP-CONTRAST Democrat))) (. .))
3053,Yahoo,YahooAnswers,Is racism a genetic characteristic?,It is an ignorant characteristic.,,0,1,12,17,DEVELOPMENT,(SQ (VBZ Is) (NP (NN racism)) (NP (DT a) (JJ-CONTRAST genetic) (NN characteristic)) (. ?)),(S (NP (PRP It)) (VP (VBZ is) (NP (DT an) (JJ-CONTRAST ignorant) (NN characteristic))) (. .))
3060,Yahoo,YahooAnswers,Was Jesus a surfer?,He was a carpenter.,no,0,0,24,6,DEVELOPMENT,(SQ (VBD Was) (NP (NNPS Jesus)) (NP (DT a) (NN-CONTRAST surfer)) (. ?)),(S (NP (PRP He)) (VP (VBD was) (NP (DT a) (NN-CONTRAST carpenter))) (. .))
3017,Yahoo,YahooAnswers,Is goth a religion?,It's a fashion style.,no,0,0,18,12,DEVELOPMENT,(SQ (VBZ Is) (NP (NN goth)) (NP (DT a) (NN-CONTRAST religion)) (. ?)),(S (NP (PRP It)) (VP (VBZ 's) (NP (DT a) (NN-CONTRAST fashion) (NN-CONTRAST style))) (. .))
3069,Yahoo,YahooAnswers,Is zero a real number?,Zero is a place holder.,,0,2,3,25,DEVELOPMENT,(SQ (VBZ Is) (NP (NN zero)) (NP (DT a) (JJ-CONTRAST real) (NN-CONTRAST number)) (. ?)),(S (NP (NNP Zero)) (VP (VBZ is) (NP (DT a) (NN-CONTRAST place) (NN-CONTRAST holder))) (. .))
3063,Yahoo,YahooAnswers,Is a 22-year old a young man?,It's a very old boy.,,2,8,2,18,DEVELOPMENT,(SQ (VBZ Is) (NP (DT a) (NN 22-year) (JJ old)) (NP (DT a) (NP (JJ-CONTRAST young) (NN-CONTRAST man))) (. ?)),(S (NP (PRP It)) (VP (VBZ 's) (NP (DT a) (ADJP (RB-CONTRAST very) (JJ-CONTRAST old)) (NN-CONTRAST boy))) (. .))
3036,Yahoo,YahooAnswers,Is addiction a disease?,It is a spiritual illness.,no,0,9,2,19,DEVELOPMENT,(SQ (VBZ Is) (NP (NN addiction)) (NP (DT a) (NN-CONTRAST disease)) (. ?)),(S (NP (PRP It)) (VP (VBZ is) (NP (DT a) (JJ-CONTRAST spiritual) (NN-CONTRAST illness))) (. .))
3005,Yahoo,YahooAnswers,Was Jesus a Muslim?,Jesus Christ was a Jew.,,0,0,28,2,DEVELOPMENT,(SQ (VBD Was) (NP (NNPS Jesus)) (NP (DT a) (NNP-CONTRAST Muslim)) (. ?)),(S (NP (NNP Jesus) (NNP Christ)) (VP (VBD was) (NP (DT a) (NN-CONTRAST Jew))) (. .))
3065,Yahoo,YahooAnswers,Is a shark a mammal?,It is a fish.,no,0,1,20,9,DEVELOPMENT,(SQ (VBZ Is) (NP (DT a) (NN shark)) (NP (DT a) (NN-CONTRAST mammal)) (. ?)),(S (NP (PRP It)) (VP (VBZ is) (NP (DT a) (NN-CONTRAST fish))) (. .))
3006,Yahoo,YahooAnswers,Is the Earth a living creature?,It is a planet.,no,0,0,19,11,DEVELOPMENT,(SQ (VBZ Is) (NP (DT the) (NN Earth)) (NP (DT a) (NN-CONTRAST living) (NN-CONTRAST creature)) (. ?)),(S (NP (PRP It)) (VP (VBZ is) (NP (DT a) (NN-CONTRAST planet))) (. .))
3067,Yahoo,YahooAnswers,Is Santa an only child?,He has a brother named Fred.,no,1,0,24,5,DEVELOPMENT,(SQ (VBZ Is) (NP (NNP Santa)) (NP (DT an) (JJ-CONTRAST only) (NN-CONTRAST child)) (. ?)),(S (NP (PRP He)) (VP (VBZ-CONTRAST has) (NP (NP (DT a) (NN-CONTRAST brother)) (ADP (JJ named) (NP (NNP Fred))))) (. .))
3055,Yahoo,YahooAnswers,Is Halloween a christian festival?,It's a pagan festival.,no,1,0,24,5,DEVELOPMENT,(SQ (VBZ Is) (NP (NNP Halloween)) (NP (DT a) (NN-CONTRAST christian) (NN festival)) (. ?)),(S (NP (PRP It)) (VP (VBZ 's) (NP (DT a) (NN-CONTRAST pagan) (NN festival))) (. .))
3080,Yahoo,YahooAnswers,Is Cassandra a pretty name?,It is a beautiful name.,,30,0,0,0,DEVELOPMENT,(SQ (VBZ Is) (NP (NNP Cassandra)) (NP (DT a) (JJ-CONTRAST pretty) (NN name)) (. ?)),(S (NP (PRP It)) (VP (VBZ is) (NP (DT a) (JJ-CONTRAST beautiful) (NN name))) (. .))
3070,Yahoo,YahooAnswers,Is the eye an organ?,It is a sensory organ.,yes,24,6,0,0,DEVELOPMENT,(SQ (VBZ Is) (NP (DT the) (NN eye)) (NP (DT an) (NN-CONTRAST organ)) (. ?)),(S (NP (PRP It)) (VP (VBZ is) (NP (DT a) (JJ-CONTRAST sensory) (NN-CONTRAST organ))) (. .))
3033,Yahoo,YahooAnswers,Is fiber a protein?,It's a carbohydrate.,no,0,0,20,10,DEVELOPMENT,(SQ (VBZ Is) (NP (NN fiber)) (NP (DT a) (NN-CONTRAST protein)) (. ?)),(S (NP (PRP It)) (VP (VBZ 's) (NP (DT a) (NN-CONTRAST carbohydrate))) (. .))
3035,Yahoo,YahooAnswers,Is the Pope a Catholic?,He's a Republican.,no,0,16,2,12,DEVELOPMENT,(SQ (VBZ Is) (NP (DT the) (NNP Pope)) (NP (DT a) (NNP-CONTRAST Catholic)) (. ?)),(S (NP (PRP He)) (VP (VBZ 's) (NP (DT a) (NNP-CONTRAST Republican))) (. .))
3016,Yahoo,YahooAnswers,Was Jesus a pagan?,Jesus was a Jew.,,1,0,22,7,DEVELOPMENT,(SQ (VBD Was) (NP (NNPS Jesus)) (NP (DT a) (NN-CONTRAST pagan)) (. ?)),(S (NP (NNS Jesus)) (VP (VBD was) (NP (DT a) (NN-CONTRAST Jew))) (. .))
3000,Yahoo,YahooAnswers,Is chess a sport?,It is a sport of the mind.,,9,19,1,1,DEVELOPMENT,(SQ (VBZ Is) (NP (NN chess)) (NP (DT a) (NN-CONTRAST sport)) (. ?)),(S (NP (PRP It)) (VP (VBZ is) (NP (NP (DT a) (NN-CONTRAST sport)) (PP-CONTRAST (IN of) (NP (DT the) (NN mind))))) (. .))
3079,Yahoo,YahooAnswers,Is Cassandra a pretty name?,I think it is a very nice name.,,15,14,0,1,DEVELOPMENT,(SQ (VBZ Is) (NP (NNP Cassandra)) (NP (DT a) (JJ-CONTRAST pretty) (NN name)) (. ?)),(S (NP (PRP I)) (VP (VBP think) (SBAR (S (NP (PRP it)) (VP (VBZ is) (NP (DT a) (ADJP-CONTRAST (RB very) (JJ nice)) (NN name)))))) (. .))
3026,Yahoo,YahooAnswers,Is Judaism a nationality?,It's a religion.,,0,1,19,10,DEVELOPMENT,(SQ (VBZ Is) (NP (NNP Judaism)) (NP (DT a) (NN-CONTRAST nationality)) (. ?)),(S (NP (PRP It)) (VP (VBZ 's) (NP (DT a) (NN-CONTRAST religion))) (. .))
3023,Yahoo,YahooAnswers,Is a walnut a fruit?,It is a nut.,,0,0,23,7,DEVELOPMENT,(SQ (VBZ Is) (NP (DT a) (NN walnut)) (NP (DT a) (NN-CONTRAST fruit)) (. ?)),(S (NP (PRP It)) (VP (VBZ is) (NP (DT a) (NN-CONTRAST nut))) (. .))
3068,Yahoo,YahooAnswers,Is zero a real number?,It's a prime number.,,9,12,2,7,DEVELOPMENT,(SQ (VBZ Is) (NP (NN zero)) (NP (DT a) (JJ-CONTRAST real) (NN number)) (. ?)),(S (NP (PRP It)) (VP (VBZ 's) (NP (DT a) (JJ-CONTRAST prime) (NN number))) (. .))
3064,Yahoo,YahooAnswers,Is a shark a mammal?,A shark is a mammal.,yes,30,0,0,0,DEVELOPMENT,(SQ (VBZ Is) (NP (DT a) (NN shark)) (NP (DT a) (NN-CONTRAST mammal)) (. ?)),(S (NP (DT A) (NN shark)) (VP (VBZ is) (NP (DT a) (NN-CONTRAST mammal))) (. .))
3007,Yahoo,YahooAnswers,Is an avocado a vegetable?,It's a fruit.,,0,0,26,4,DEVELOPMENT,(SQ (VBZ Is) (NP (DT an) (NN avocado)) (NP (DT a) (NN-CONTRAST vegetable)) (. ?)),(S (NP (PRP It)) (VP (VBZ 's) (NP (DT a) (NN-CONTRAST fruit))) (. .))
3066,Yahoo,YahooAnswers,Is the brain an muscle?,The brain is an organ.,,1,1,18,10,DEVELOPMENT,(SQ (VBZ Is) (NP (DT the) (NN brain)) (NP (DT an) (NN-CONTRAST muscle)) (. ?)),(S (NP (DT The) (NN brain)) (VP (VBZ is) (NP (DT an) (NN-CONTRAST organ))) (. .))
3047,Yahoo,YahooAnswers,Is hypocrisy a sin?,It's a character flaw.,no,0,4,4,22,DEVELOPMENT,(SQ (VBZ Is) (NP (NN hypocrisy)) (NP (DT a) (NN-CONTRAST sin)) (. ?)),(S (NP (PRP It)) (VP (VBZ 's) (NP (DT a) (NN-CONTRAST character) (NN-CONTRAST flaw))) (. .))
3062,Yahoo,YahooAnswers,Is there a one chromosome organism?,Bacteria have a single circular genome.,,9,18,0,3,DEVELOPMENT,(SQ (VBZ Is) (NP (EX-CONTRAST there)) (NP (NP (DT a) (CD one) (NN chromosome) (NN organism))) (. ?)),(S (NP (NNS-CONTRAST Bacteria)) (VP (VBP have) (NP (DT a) (JJ single) (JJ circular) (NN genome))) (. .))
3019,Yahoo,YahooAnswers,Is tuna a scaled fish?,A tuna is a fully scaled fish.,,28,2,0,0,DEVELOPMENT,(SQ (VBZ Is) (NP (NN tuna)) (NP (DT a) (JJ-CONTRAST scaled) (NN fish)) (. ?)),(S (NP (DT A) (NN tuna)) (VP (VBZ is) (NP (DT a) (ADJP-CONTRAST (RB fully) (JJ scaled)) (NN fish))) (. .))
3029,Yahoo,YahooAnswers,Was Jesus a Native American?,He was a Jew.,,0,0,24,6,DEVELOPMENT,(SQ (VBD Was) (NP (NNPS Jesus)) (PP (FW a) (NP (NNP-CONTRAST Native) (NNP-CONTRAST American))) (. ?)),(S (NP (PRP He)) (VP (VBD was) (NP (DT a) (NN Jew))) (. .))
3059,Yahoo,YahooAnswers,Is Rent an excellent movie?,It is a wonderful movie.,,27,3,0,0,DEVELOPMENT,(SQ (VBZ Is) (NP (NNP Rent)) (NP (DT an) (JJ-CONTRAST excellent) (NN movie)) (. ?)),(S (NP (PRP It)) (VP (VBZ is) (NP (DT a) (JJ-CONTRAST wonderful) (NN movie))) (. .))
3020,Yahoo,YahooAnswers,Is Bedlam a real place?,It was a mental institution in London.,yes,23,7,0,0,DEVELOPMENT,(SQ (VBZ Is) (NP (NNP Bedlam)) (NP (DT a) (JJ-CONTRAST real) (NN-CONTRAST place)) (. ?)),(S (NP (PRP It)) (VP (VBD was) (NP (NP (DT a) (JJ-CONTRAST mental) (NN-CONTRAST institution)) (PP-CONTRAST (IN in) (NP (NNP London))))) (. .))
3010,Yahoo,YahooAnswers,Is a coconut a nut?,It's a fruit.,,1,0,20,9,DEVELOPMENT,(SQ (VBZ Is) (NP (DT a) (NN coconut)) (NP (DT a) (NN-CONTRAST nut)) (. ?)),(S (NP (PRP It)) (VP (VBZ 's) (NP (DT a) (NN-CONTRAST fruit))) (. .))
3025,Yahoo,YahooAnswers,Is a banana a berry?,I believe it is a fruit.,,1,3,11,15,DEVELOPMENT,(SQ (VBZ Is) (NP (DT a) (NN banana)) (NP (DT a) (NN-CONTRAST berry)) (. ?)),(S (NP (PRP I)) (VP (VBP believe) (SBAR (S (NP (PRP it)) (VP (VBZ is) (NP (DT a) (NN-CONTRAST fruit)))))) (. .))
3051,Yahoo,YahooAnswers,Is Gibraltar a country?,It's a rock.,no,0,0,18,12,DEVELOPMENT,(SQ (VBZ Is) (NP (NNP Gibraltar)) (NP (DT a) (NN-CONTRAST country)) (. ?)),(S (NP (PRP It)) (VP (VBZ 's) (NP (DT a) (NN-CONTRAST rock))) (. .))
3024,Yahoo,YahooAnswers,Is the moon a planet?,It is a natural satellite.,no,0,4,14,12,DEVELOPMENT,(SQ (VBZ Is) (NP (DT the) (NN moon)) (NP (DT a) (NN-CONTRAST planet)) (. ?)),(S (NP (PRP It)) (VP (VBZ is) (NP (DT a) (JJ natural) (NN-CONTRAST satellite))) (. .))
3030,Yahoo,YahooAnswers,Is graffiti an art form?,It is an acknowledged art form.,yes,24,5,1,0,DEVELOPMENT,(SQ (VBZ Is) (NP (NNS graffiti)) (NP (DT an) (NN-CONTRAST art) (NN-CONTRAST form)) (. ?)),(S (NP (PRP It)) (VP (VBZ is) (NP (DT an) (JJ-CONTRAST acknowledged) (NN-CONTRAST art) (NN-CONTRAST form))) (. .))
3039,Yahoo,YahooAnswers,Is a palm a tree?,It's a true tropical tree.,yes,24,6,0,0,DEVELOPMENT,(SQ (VBZ Is) (NP (DT a) (NN palm)) (NP (DT a) (NN-CONTRAST tree)) (. ?)),(S (NP (PRP It)) (VP (VBZ 's) (NP (DT a) (JJ-CONTRAST true) (JJ-CONTRAST tropical) (NN-CONTRAST tree))) (. .))
3015,Yahoo,YahooAnswers,Is Cadillac an American company?,It's a division of General Motors.,yes,7,22,0,1,DEVELOPMENT,(SQ (VBZ Is) (NP (NNP Cadillac)) (NP (DT an) (JJ-CONTRAST American) (NN-CONTRAST company)) (. ?)),(S (NP (PRP It)) (VP (VBZ 's) (NP (NP (DT a) (NN-CONTRAST division)) (PP-CONTRAST (IN of) (NP (NNP General) (NNPS Motors))))) (. .))
3038,Yahoo,YahooAnswers,Is Mormonism considered as an orthodox religion?,It is a cult.,,0,1,15,14,DEVELOPMENT,(SQ (VBZ Is) (NP (NNP Mormonism)) (VP (VBN considered) (PP (IN as) (NP (DT an) (JJ-CONTRAST orthodox) (NN-CONTRAST religion)))) (. ?)),(S (NP (PRP It)) (VP (VBZ is) (NP (DT a) (NN-CONTRAST cult))) (. .))
3042,Yahoo,YahooAnswers,Is Codeine an opiate?,"It's a natural opiate, as is morphine.",yes,29,1,0,0,DEVELOPMENT,(SQ (VBZ Is) (NP (NNP Codeine)) (NP (DT an) (NN-CONTRAST opiate)) (. ?)),"(S (NP (PRP It)) (VP (VBZ 's) (NP (DT a) (JJ-CONTRAST natural) (NN-CONTRAST opiate)) (, ,) (SBAR (IN as) (S (VP (VBZ is) (ADJP (JJ morphine)))))) (. .))"
3001,Yahoo,YahooAnswers,Is mathematics a science?,Math is a language.,,0,2,8,20,DEVELOPMENT,(SQ (VBZ Is) (NP (NNS mathematics)) (NP (DT a) (NN-CONTRAST science)) (. ?)),(S (NP (NNP Math)) (VP (VBZ is) (NP (DT a) (NN-CONTRAST language))) (. .))
3040,Yahoo,YahooAnswers,Was communism a bad idea?,It was a good idea poorly executed.,no,1,3,6,20,DEVELOPMENT,(SQ (VBD Was) (NP (NN communism)) (NP (DT a) (JJ-CONTRAST bad) (NN idea)) (. ?)),(S (NP (PRP It)) (VP (VBD was) (NP (NP (DT a) (JJ-CONTRAST good) (NN idea)) (VP (ADVP (RB-CONTRAST poorly)) (VBN-CONTRAST executed)))) (. .))
3008,Yahoo,YahooAnswers,Is Lassie a boy?,I think Lassie was a girl.,,0,0,12,18,DEVELOPMENT,(SQ (VBZ Is) (NP (NNP Lassie)) (NP (DT a) (NN-CONTRAST boy)) (. ?)),(S (NP (PRP I)) (VP (VBP think) (SBAR (S (NP (NNP Lassie)) (VP (VBD was) (NP (DT a) (NN-CONTRAST girl)))))) (. .))
3048,Yahoo,YahooAnswers,Is America an imperialistic nation?,It's a representative democracy.,,1,2,10,17,DEVELOPMENT,(SQ (VBZ Is) (NP (NNP America)) (NP (DT an) (JJ-CONTRAST imperialistic) (NN nation)) (. ?)),(S (NP (PRP It)) (VP (VBZ 's) (NP (DT a) (JJ-CONTRAST representative) (NN-CONTRAST democracy))) (. .))
3032,Yahoo,YahooAnswers,Is fiber a protein?,I think it's a carbohydrate.,,0,0,7,23,DEVELOPMENT,(SQ (VBZ Is) (NP (NN fiber)) (NP (DT a) (NN-CONTRAST protein)) (. ?)),(S (NP (PRP I)) (VP (VBP think) (SBAR (S (NP (PRP it)) (VP (VBZ 's) (NP (DT a) (NN-CONTRAST carbohydrate)))))) (. .))
3021,Yahoo,YahooAnswers,Is a squirrel a rodent?,It is a rat with a nicer outfit.,yes,13,14,1,2,EVALUATION,(SQ (VBZ Is) (NP (DT a) (NN squirrel)) (NP (DT a) (NN-CONTRAST rodent)) (. ?)),(S (NP (PRP It)) (VP (VBZ is) (NP (NP (DT a) (NN-CONTRAST rat)) (PP (IN with) (NP (DT a) (JJ nicer) (NN outfit))))) (. .))
3034,Yahoo,YahooAnswers,Was Poseidon a real ship?,It was a movie.,no,0,0,14,16,EVALUATION,(SQ (VBD Was) (NP (NNP Poseidon)) (NP (DT a) (JJ real) (NN-CONTRAST ship)) (. ?)),(S (NP (PRP It)) (VP (VBD was) (NP (DT a) (NN-CONTRAST movie))) (. .))
3077,Yahoo,YahooAnswers,Is suicide a sin?,It is a sin in all religions.,,29,0,0,1,EVALUATION,(SQ (VBZ Is) (NP (NN suicide)) (NP (DT a) (NN-CONTRAST sin)) (. ?)),(S (NP (PRP It)) (VP (VBZ is) (NP (NP (DT a) (NN-CONTRAST sin)) (PP-CONTRAST (IN in) (NP (DT all) (NNS religions))))) (. .))
3052,Yahoo,YahooAnswers,Is Gibraltar a country?,Gibraltar is a territory of the UK.,no,0,7,10,13,EVALUATION,(SQ (VBZ Is) (NP (NNP Gibraltar)) (NP (DT a) (NN-CONTRAST country)) (. ?)),(S (NP (NNP Gibraltar)) (VP (VBZ is) (NP (NP (DT a) (NN-CONTRAST territory)) (PP (IN of) (NP (DT the) (NNP UK))))) (. .))
3078,Yahoo,YahooAnswers,Is bowling a sport?,Bowling is a sport.,yes,30,0,0,0,EVALUATION,(SQ (VBZ Is) (NP (NN bowling)) (NP (DT a) (NN-CONTRAST sport)) (. ?)),(S (NP (NNP Bowling)) (VP (VBZ is) (NP (DT a) (NN-CONTRAST sport))) (. .))
3022,Yahoo,YahooAnswers,Is a squirrel a rodent?,It's a rat with a nicer tail.,yes,13,16,0,1,EVALUATION,(SQ (VBZ Is) (NP (DT a) (NN squirrel)) (NP (DT a) (NN-CONTRAST rodent)) (. ?)),(S (NP (PRP It)) (VP (VBZ 's) (NP (NP (DT a) (NN-CONTRAST rat)) (PP (IN with) (NP (DT a) (JJ nicer) (NN tail))))) (. .))
3028,Yahoo,YahooAnswers,Is black a color?,It's an absence of color.,no,0,0,15,15,EVALUATION,(SQ (VBZ Is) (NP (NN black)) (NP (DT a) (NN-CONTRAST color)) (. ?)),(S (NP (PRP It)) (VP (VBZ 's) (NP (NP (DT an) (NN-CONTRAST absence)) (PP-CONTRAST (IN of) (NP (NN color))))) (. .))
3054,Yahoo,YahooAnswers,Is sex a sin?,Sex before marriage is a sin.,,9,13,0,8,EVALUATION,(SQ (VBZ Is) (NP (NN-CONTRAST sex)) (NP (DT a) (NN sin)) (. ?)),(S (NP-CONTRAST (NP (NN Sex)) (PP (IN before) (NP (NN marriage)))) (VP (VBZ is) (NP (DT a) (NN sin))) (. .))
3018,Yahoo,YahooAnswers,Is Spiderman a real hero?,He's a spider.,no,0,2,6,22,EVALUATION,(SQ (VBZ Is) (NP (NNP Spiderman)) (NP (DT a) (JJ real) (NN-CONTRAST hero)) (. ?)),(S (NP (PRP He)) (VP (VBZ 's) (NP (DT a) (NN-CONTRAST spider))) (. .))
3037,Yahoo,YahooAnswers,Is August a girl's name?,I have a female cousin named August.,yes,19,10,0,1,EVALUATION,(SQ (VBZ Is) (NP (NNP August)) (NP (DT a) (NNP-CONTRAST girl) (NNP 's) (NN name)) (. ?)),(S (NP (PRP I)) (VP (VBP have) (NP (NP (DT a) (JJ-CONTRAST female) (NN cousin)) (VP (VBN named) (NP (NNP August))))) (. .))
3076,Yahoo,YahooAnswers,Is alcoholism a disease?,It's a mental addiction.,no,1,7,1,21,EVALUATION,(SQ (VBZ Is) (NP (NN alcoholism)) (NP (DT a) (NN-CONTRAST disease)) (. ?)),(S (NP (PRP It)) (VP (VBZ 's) (NP (DT a) (JJ-CONTRAST mental) (NN-CONTRAST addiction))) (. .))
3074,Yahoo,YahooAnswers,Is cancer a germ?,It's an overactive cell.,,0,0,17,13,EVALUATION,(SQ (VBZ Is) (NP (NN cancer)) (NP (DT a) (NN-CONTRAST germ)) (. ?)),(S (NP (PRP It)) (VP (VBZ 's) (NP (DT an) (JJ-CONTRAST overactive) (NN-CONTRAST cell))) (. .))
3014,Yahoo,YahooAnswers,Is terrorism a form of culture?,It is an outgrowth of culture.,no,0,22,0,8,EVALUATION,(SQ (VBZ Is) (NP (NN terrorism)) (NP (NP (DT a) (NN-CONTRAST form)) (PP-CONTRAST (IN of) (NP (NN culture)))) (. ?)),(S (NP (PRP It)) (VP (VBZ is) (NP (NP (DT an) (NN-CONTRAST outgrowth)) (-CONTRASTPP (IN of) (NP (NN culture))))) (. .))
3002,Yahoo,YahooAnswers,Is a marlin a mammal?,It is a large salt water fish.,no,0,2,17,11,EVALUATION,(SQ (VBZ Is) (NP (DT a) (NN marlin)) (NP (DT a) (NN-CONTRAST mammal)) (. ?)),(S (NP (PRP It)) (VP (VBZ is) (NP (DT a) (JJ large) (NN salt) (NN water) (NN-CONTRAST fish))) (. .))
3056,Yahoo,YahooAnswers,Is marriage a matter of morals?,It is a matter of money.,no,0,0,13,17,EVALUATION,(SQ (VBZ Is) (NP (NN marriage)) (NP (NP (DT a) (NN matter)) (PP (IN of) (NP (NNS-CONTRAST morals)))) (. ?)),(S (NP (PRP It)) (VP (VBZ is) (NP (NP (DT a) (NN matter)) (PP (IN of) (NP (NN-CONTRAST money))))) (. .))
3043,Yahoo,YahooAnswers,Is anxiety an emotion?,It is a state and an emotion.,,16,14,0,0,EVALUATION,(SQ (VBZ Is) (NP (NN anxiety)) (NP (DT an) (NN-CONTRAST emotion)) (. ?)),(S (NP (PRP It)) (VP (VBZ is) (NP (NP (DT a) (NN-CONTRAST state)) (CC and) (NP (DT an) (NN-CONTRAST emotion)))) (. .))
3013,Yahoo,YahooAnswers,Is terrorism a form of culture?,Terrorism is a form of crime.,no,1,0,14,15,EVALUATION,(SQ (VBZ Is) (NP (NN terrorism)) (NP (NP (DT a) (NN form)) (PP (IN of) (NP (NN-CONTRAST culture)))) (. ?)),(S (NP (NNP Terrorism)) (VP (VBZ is) (NP (NP (DT a) (NN form)) (PP (IN of) (NP (NN-CONTRAST crime))))) (. .))
3041,Yahoo,YahooAnswers,Is Puerto Rico a state of the USA?,It's a territory.,,0,0,14,16,EVALUATION,(SQ (VBZ Is) (NP (NNP Puerto) (NNP Rico)) (NP (NP (DT a) (NN-CONTRAST state)) (PP (IN of) (NP (DT the) (NNP USA)))) (. ?)),(S (NP (PRP It)) (VP (VBZ 's) (NP (DT a) (NN-CONTRAST territory))) (. .))
3049,Yahoo,YahooAnswers,Is Ohio a Democrat state now?,It's a swing state.,,0,0,8,22,EVALUATION,(SQ (VBZ Is) (NP (NNP Ohio)) (PP (FW a) (NP (NNP-CONTRAST Democrat) (NN-CONTRAST state))) (ADVP (RB now)) (. ?)),(S (NP (PRP It)) (VP (VBZ 's) (NP (DT a) (NN-CONTRAST swing) (NN-CONTRAST state))) (. .))
3012,Yahoo,YahooAnswers,Is Jupiter a star?,It is a planet.,,1,0,22,7,EVALUATION,(SQ (VBZ Is) (NP (NNP Jupiter)) (NP (DT a) (NN-CONTRAST star)) (. ?)),(S (NP (PRP It)) (VP (VBZ is) (NP (DT a) (NN-CONTRAST planet))) (. .))
3057,Yahoo,YahooAnswers,Is Sicily a city?,Sicily is an island that belongs to Italy.,,1,5,10,14,EVALUATION,(SQ (VBZ Is) (NP (NNP Sicily)) (NP (DT a) (NN-CONTRAST city)) (. ?)),(S (NP (NNP Sicily)) (VP (VBZ is) (NP (NP (DT an) (NN-CONTRAST island)) (SBAR (WHNP (WDT that)) (S (VP (VBZ belongs) (PP (TO to) (NP (NNP Italy)))))))) (. .))
3027,Yahoo,YahooAnswers,Are mermaids for real?,They are a fable.,no,0,0,26,4,EVALUATION,(SQ (VBP Are) (NP (NNS mermaids)) (PP (IN for) (NP (JJ-CONTRAST real))) (. ?)),(S (NP (PRP They)) (VP (VBP are) (NP (DT a) (NN-CONTRAST fable))) (. .))
3004,Yahoo,YahooAnswers,Is it a sin to drink alcohol?,It is a big sin in all religions.,yes,28,2,0,0,EVALUATION,(SQ (VBZ Is) (NP (PRP it)) (NP (NP (DT a) (NN-CONTRAST sin)) (PP (TO to) (NP (NN drink) (NN alcohol)))) (. ?)),(S (NP (PRP It)) (VP (VBZ is) (NP (NP (DT a) (JJ-CONTRAST big) (NN-CONTRAST sin)) (PP (IN in) (NP (DT all) (NNS religions))))) (. .))
3003,Yahoo,YahooAnswers,Is it a sin to drink alcohol?,It is a sin to get drunk.,no,1,11,2,16,EVALUATION,(SQ (VBZ Is) (NP (PRP it)) (NP (NP (DT a) (NN sin)) (S (VP (TO to) (NP (NN drink) (NN alcohol))))) (. ?)),(S (NP (PRP It)) (VP (VBZ is) (NP (DT a) (NN sin) (S (VP (TO to) (VP (VB get) (ADVP (NN drunk))))))) (. .))
3073,Yahoo,YahooAnswers,Is 'shh' a form of onomatopoeia?,It's a word that mimics a sound.,yes,10,14,1,5,EVALUATION,(SQ (VBZ Is) (S (VP (`` `) (VBZ shh) ('' '))) (NP (NP (DT a) (NN form)) (PP (IN of) (NP (NN-CONTRAST onomatopoeia)))) (. ?)),(S (NP (PRP It)) (VP (VBZ 's) (NP-CONTRAST (NP (DT a) (NN word)) (SBAR (WHNP (WDT that)) (S (VP (VBZ mimics) (NP (DT a) (NN sound))))))) (. .))
197,Switchboard,sw08utt/sw_0845_3754.utt,Is it pretty there?,It is beautiful.,,29,1,0,0,DEVELOPMENT,(SQ (VBZ Is) (NP (PRP it)) (ADJP (JJ-CONTRAST pretty)) (ADVP (RB there)) (. ?)),(S (NP (PRP It)) (VP (VBZ is) (ADJP (JJ-CONTRAST beautiful))) (. .))
183,Switchboard,sw03utt/sw_0364_3491.utt,But did they have some pretty good special effects?,"Excellent, excellent special effects.",,29,1,0,0,DEVELOPMENT,(SQ (CC But) (VBD did) (NP (PRP they)) (VP (VB have) (NP (DT some) (ADJP (RB-CONTRAST pretty) (JJ-CONTRAST good)) (NP (JJ special) (NNS effects)))) (. ?)),"(FRAG (NP (ADJP (JJ-CONTRAST Excellent)) (, ,) (ADJP (JJ-CONTRAST excellent)) (JJ special) (NNS effects)) (. .))"
2017,Switchboard,swda/sw07utt/sw_0770_3681.utt.csv,Do you have any hobbies that you want to talk about?,"Well, I don't seem to have as much spare time as I used to.",,0,1,2,27,DEVELOPMENT,(SQ (VBP Do) (NP (PRP you)) (VP (VB have) (NP (DT any) (NNS-CONTRAST hobbies) (SBAR-CONTRAST (IN that) (S (NP (PRP you)) (VP (VBP want) (S (VP (TO to) (VP (VB talk) (PRT (RP about)))))))))) (. ?)),"(S (INTJ (UH Well)) (, ,) (NP (PRP I)) (VP (VBP do) (RB-CONTRAST n't) (VP-CONTRAST (VB seem) (S (VP (TO to) (VP (VB have) (NP (ADJP (RB as) (JJ much)) (JJ spare) (NN time)) (SBAR (IN as) (S (NP (PRP I)) (VP (VBD used) (PP (TO to)))))))))) (. .))"
178,Switchboard,sw04utt/sw_0417_3237.utt,Is Coppell a nice area to live?,It's a wonderful place to live.,,29,1,0,0,DEVELOPMENT,(SQ (VBZ Is) (NP (NNP Coppell)) (NP (DT a) (JJ-CONTRAST nice) (NN area) (S (VP (TO to) (VP (VB live))))) (. ?)),(S (NP (PRP It)) (VP (VBZ 's) (NP (DT a) (JJ-CONTRAST wonderful) (NN place) (S (VP (TO to) (VP (VB live)))))) (. .))
2005,Switchboard,swda/sw02utt/sw_0219_2472.utt.csv,Do you like to cook?,I love it.,,29,1,0,0,DEVELOPMENT,(SQ (VBP Do) (NP (PRP you)) (VP (VB-CONTRAST like) (S (VP (TO to) (VP (VB cook))))) (. ?)),(S (NP (PRP I)) (VP (VBP-CONTRAST love) (NP (PRP it))) (. .))
2009,Switchboard,swda/sw02utt/sw_0277_2598.utt.csv,Have you seen it?,I thought it was very well done.,,20,10,0,0,DEVELOPMENT,(SQ (VBP Have) (NP (PRP you)) (VP-CONTRAST (VBN seen) (NP (PRP it))) (. ?)),(S (NP (PRP I)) (VP (VBD thought) (SBAR (S (NP (PRP it)) (VP (VBD was) (VP-CONTRAST (ADVP (RB very) (RB well)) (VBN done)))))) (. .))
2015,Switchboard,swda/sw07utt/sw_0762_3371.utt.csv,Does your house have four bedrooms?,We've got five bedrooms.,,3,5,18,4,DEVELOPMENT,(SQ (VBZ Does) (NP (PRP$ your) (NN house)) (VP (VB have) (NP (CD-CONTRAST four) (NNS bedrooms))) (. ?)),(S (NP (PRP We)) (VP (VBP 've) (VP (VBN got) (NP (CD-CONTRAST five) (NNS bedrooms)))) (. .))
2008,Switchboard,swda/sw02utt/sw_0243_3513.utt.csv,Did you like it?,It was busy.,,0,2,2,26,DEVELOPMENT,(SQ (VBD Did) (NP (PRP you)) (VP (VB-CONTRAST like) (NP (PRP it))) (. ?)),(S (NP (PRP It)) (VP (VBD was) (ADJP (JJ-CONTRAST busy))) (. .))
190,Switchboard,sw03utt/sw_0304_3338.utt,And is it pretty flat there?,"Well, it's kind of hilly.",,0,0,18,12,DEVELOPMENT,(SQ (CC And) (VBZ is) (NP (PRP it)) (ADVP (ADVP-CONTRAST (RB pretty) (JJ flat)) (RB there)) (. ?)),"(S (INTJ (UH Well)) (, ,) (NP (PRP it)) (VP (VBZ 's) (NP-CONTRAST (NP (NN kind)) (PP (IN of) (NP (NNP hilly))))) (. .))"
2004,Switchboard,swda/sw01utt/sw_0151_2772.utt.csv,Does Virginia get real humid?,Parts do.,,8,22,0,0,DEVELOPMENT,(SQ (VBZ Does) (NP (NNP-CONTRAST Virginia)) (VP (VB get) (NP (JJ real) (NNS humid))) (. ?)),(S (NP (NNS-CONTRAST Parts)) (VP (VBP do)) (. .))
2011,Switchboard,swda/sw02utt/sw_0297_3223.utt.csv,Do you like that one?,I love it.,,30,0,0,0,DEVELOPMENT,(SQ (VBP Do) (NP (PRP you)) (VP (VB-CONTRAST like) (NP (DT that) (NN one))) (. ?)),(S (NP (PRP I)) (VP (VBP-CONTRAST love) (NP (PRP it))) (. .))
2026,Switchboard,swb1/trans/phase2/disc06/sw3918.txt,Is it a business trip or fun?,It's for spring break.,,5,19,1,5,DEVELOPMENT,(SQ (VBZ Is) (NP (PRP it)) (NP (NP (DT a) (NN-CONTRAST business) (NN-CONTRAST trip)) (CC or) (ADJP (JJ-CONTRAST fun))) (. ?)),(S (NP (PRP It)) (VP (VBZ 's) (PP (IN for) (NP (NN-CONTRAST spring) (NN-CONTRAST break)))) (. .))
2003,Switchboard,swda/sw01utt/sw_0121_3140.utt.csv,Do you want to go ahead and start?,I was hoping that you would.,,4,4,10,12,DEVELOPMENT,(SQ (VBP Do) (NP (PRP-CONTRAST you)) (VP (VB want) (S (VP (TO to) (VP (VP (VB go) (ADVP (RB ahead))) (CC and) (VP (VB start)))))) (. ?)),(S (NP (PRP I)) (VP (VBD was) (VP (VBG hoping) (SBAR (IN that) (S (NP (PRP-CONTRAST you)) (VP (MD would)))))) (. .))
2020,Switchboard,swda/sw09utt/sw_0943_3028.utt.csv,Do you know how to spell it?,It starts with a K.,,0,6,4,20,DEVELOPMENT,(SQ (VBP Do) (NP (PRP you)) (VP-CONTRAST (VB know) (SBAR (WHADVP (WRB how)) (S (VP (TO to) (VP (VB spell) (NP (PRP it))))))) (. ?)),(S (NP (PRP It)) (VP-CONTRAST (VBZ starts) (PP (IN with) (NP (DT a) (NNP K.)))))
2013,Switchboard,swda/sw05utt/sw_0558_3342.utt.csv,Are there poisonous snakes there?,We have a lot of cotton mouth.,,14,14,0,2,DEVELOPMENT,(SQ (VBP Are) (NP (EX there)) (NP (JJ-CONTRAST poisonous) (NNS-CONTRAST snakes)) (ADVP (RB there)) (. ?)),(S (NP (PRP We)) (VP (VBP have) (NP (NP (DT a) (NN lot)) (PP (IN of) (NP-CONTRAST (NN cotton) (NN mouth))))) (. .))
2021,Switchboard,swda/sw09utt/sw_0988_3570.utt.csv,Is the space program doing any good?,I think that the space program has done a lot of good for the country.,,21,9,0,0,DEVELOPMENT,(SQ (VBZ Is) (NP (DT the) (NN space) (NN program)) (VP (VBG doing) (NP (DT any) (JJ-CONTRAST good))) (. ?)),(S (NP (PRP I)) (VP (VBP think) (SBAR (IN that) (S (NP (DT the) (NN space) (NN program)) (VP (VBZ has) (VP (VBN done) (NP (NP (DT a) (NN lot)) (PP (IN of) (NP (NP (JJ-CONTRAST good)) (PP (IN for) (NP (DT the) (NN country))))))))))) (. .))
2016,Switchboard,swda/sw07utt/sw_0768_3626.utt.csv,Did you buy a program to handle menus?,It came with a menus program.,,2,6,11,11,DEVELOPMENT,(SQ (VBD Did) (NP (PRP you)) (VP (VB-CONTRAST buy) (NP (DT a) (NN program) (S (VP (TO to) (VP (VB handle) (NP (NNS menus))))))) (. ?)),(S (NP (PRP It)) (VP (VBD-CONTRAST came) (PP (IN-CONTRAST with) (NP (DT a) (NNS menus) (NN program)))) (. .))
2006,Switchboard,swda/sw02utt/sw_0233_3182.utt.csv,"Now, do you work outside of the home?",I have just retired.,,1,1,19,9,DEVELOPMENT,"(SQ (INTJ (RB Now)) (, ,) (VB do) (NP (PRP you)) (VP (VB-CONTRAST work) (NP (NP (RB outside)) (PP (IN of) (NP (DT the) (NN home))))) (. ?))",(S (NP (PRP I)) (VP (VBP have) (ADVP (RB just)) (VP (VBN-CONTRAST retired))) (. .))
2019,Switchboard,swda/sw08utt/sw_0859_2534.utt.csv,Do cats bother bulbs?,I think more the mice or other rodents.,,0,3,5,22,DEVELOPMENT,(SQ (VBP Do) (NP (NNS-CONTRAST cats)) (VP (VB bother) (NP (NNS bulbs))) (. ?)),(S (NP (PRP I)) (VP (VBP think) (S (ADJP (JJR-CONTRAST more)) (NP (NP (DT the) (NNS-CONTRAST mice)) (CC or) (NP (JJ-CONTRAST other) (NNS-CONTRAST rodents))))) (. .))
2007,Switchboard,swda/sw02utt/sw_0235_3232.utt.csv,Are you enjoying it?,"Well, it's a lot of work.",,0,4,2,24,DEVELOPMENT,(SQ (VBP Are) (NP (PRP you)) (VP (VBG-CONTRAST enjoying) (NP (PRP it))) (. ?)),"(S (INTJ (UH Well)) (, ,) (NP (PRP it)) (VP (VBZ 's) (NP-CONTRAST (NP (DT a) (NN lot)) (PP (IN of) (NP (NN work))))) (. .))"
2023,Switchboard,swda/sw12utt/sw_1204_2434.utt.csv,Do you belong to a gun club?,My husband belonged to one awhile back.,,0,1,8,21,DEVELOPMENT,(SQ (VBP Do) (NP (PRP-CONTRAST you)) (VP (VB-CONTRAST belong) (PP (TO to) (NP (DT a) (NN gun) (NN club)))) (. ?)),(S (NP-CONTRAST (PRP$ My) (NN husband)) (VP (VBD-CONTRAST belonged) (PP (TO to) (NP (CD one))) (ADVP (RB awhile) (RB back))) (. .))
2010,Switchboard,swda/sw02utt/sw_0285_2756.utt.csv,Have you been down there?,My girlfriend has with her sisters.,,0,1,17,12,DEVELOPMENT,(SQ (VBP Have) (NP (PRP-CONTRAST you)) (VP-CONTRAST (VBN been) (ADVP (RB down) (RB there))) (. ?)),(S (NP (PRP$-CONTRAST My) (NN-CONTRAST girlfriend)) (VP (VBZ has) (VP (PP (IN with) (NP (PRP$ her) (NNS sisters))))) (. .))
2018,Switchboard,swda/sw08utt/sw_0852_2090.utt.csv,Do you sing or knit or anything?,"Well, I do cross-stitch.",,5,20,1,4,DEVELOPMENT,(SQ (VBP Do) (NP (PRP you)) (VP (VB-CONTRAST sing) (NP (NP (QP (CC or) (CD-CONTRAST knit))) (CC or) (NP (NN anything)))) (. ?)),"(S (INTJ (UH Well)) (, ,) (NP (PRP I)) (VP (VBP do) (NP (NN-CONTRAST cross-stitch))) (. .))"
2014,Switchboard,swda/sw06utt/sw_0635_2065.utt.csv,Did you ever get any information on it?,I sent off for stuff on it.,,0,4,3,23,DEVELOPMENT,(SQ (VBD Did) (NP (PRP you)) (VP (ADVP (RB ever)) (VB-CONTRAST get) (NP (NP (DT any) (NN information)) (PP (IN on) (NP (PRP it))))) (. ?)),(S (NP (PRP I)) (VP (VBD-CONTRAST sent) (PRT-CONTRAST (RP off)) (PP (IN for) (NP (NN stuff))) (PP (IN on) (NP (PRP it)))) (. .))
2012,Switchboard,swda/sw04utt/sw_0435_4008.utt.csv,Do you use your computer for just things around the house?,I use it in my business.,,2,1,14,13,DEVELOPMENT,(SQ (VBP Do) (NP (PRP you)) (VP (VB use) (NP (PRP$ your) (NN computer)) (PP (IN for) (NP (NP (RB just) (NNS things)) (PP (IN around) (NP (DT the) (NN-CONTRAST house)))))) (. ?)),(S (NP (PRP I)) (VP (VBP use) (NP (PRP it)) (PP (IN in) (NP (PRP$ my) (NN-CONTRAST business)))) (. .))
2024,Switchboard,swb1/trans/phase2/disc02/sw3397.txt,Is she a nurse in Dallas?,She's a nurse in San Antonio --,,0,1,25,4,DEVELOPMENT,(SQ (VBZ Is) (NP (PRP she)) (NP (NP (DT a) (NN nurse)) (PP (IN in) (NP (NNP-CONTRAST Dallas)))) (. ?)),(S (NP (PRP She)) (VP (VBZ 's) (NP (NP (DT a) (NN nurse)) (PP (IN in) (NP-CONTRAST (NNP San) (NNP Antonio))))) (: --))
187,Switchboard,sw00utt/sw_0069_3144.utt,Was that good?,Hysterical.,,16,13,0,1,EVALUATION,(SQ (VBD Was) (NP (DT that)) (ADJP (JJ-CONTRAST good)) (. ?)),(FRAG (ADJP (JJ-CONTRAST Hysterical)) (. .))
2001,Switchboard,swda/sw00utt/sw_0098_3830.utt.csv,"Now, do you work?",I'm going to school right now.,,0,0,9,21,EVALUATION,"(SQ (INTJ (RB Now)) (, ,) (VB do) (VP (S (NP (PRP you)) (VP (VB-CONTRAST work)))) (. ?))",(S (NP (PRP I)) (VP (VBP 'm) (VP (VBG going) (PP (TO to) (NP (NN-CONTRAST school))) (ADVP (RB right) (RB now)))) (. .))
2002,Switchboard,swda/sw01utt/sw_0103_4074.utt.csv,Have you had dogs before?,My brother has.,,0,2,9,19,EVALUATION,(SQ (VBP Have) (NP (PRP-CONTRAST you)) (VP (VBN had) (NP (NNS dogs)) (ADVP (RB before))) (. ?)),(S (NP-CONTRAST (PRP$ My) (NN brother)) (VP (VBZ has)) (. .))
2022,Switchboard,swda/sw10utt/sw_1053_3203.utt.csv,Do you like the Dallas area?,We love it.,,30,0,0,0,EVALUATION,(SQ (VBP Do) (NP (PRP you)) (VP (VB-CONTRAST like) (NP (DT the) (NNP Dallas) (NN area))) (. ?)),(S (NP (PRP We)) (VP (VBP-CONTRAST love) (NP (PRP it))) (. .))
2025,Switchboard,swb1/trans/phase2/disc04/sw3638.txt,Are you a Cowboy fan?,"Well, I used to be a real big Cowboy fan.",,0,8,1,21,EVALUATION,(SQ (VBP-CONTRAST Are) (NP (PRP you)) (PP (FW a) (NP (NNP Cowboy) (NN fan))) (. ?)),"(S (INTJ (UH Well)) (, ,) (NP (PRP I)) (VP (VBD-CONTRAST used) (S (VP (TO-CONTRAST to) (VP (VB-CONTRAST be) (NP (DT a) (JJ real) (JJ big) (NN Cowboy) (NN fan)))))) (. .))"
191,Switchboard,sw10utt/sw_1056_3276.utt,Do you think that the quality would be as high?,The quality goes down.,,0,0,18,12,EVALUATION,(SQ (VBP Do) (NP (PRP you)) (VP (VB think) (SBAR (IN that) (S (NP (DT the) (NN quality)) (VP (MD would) (VP (VB be) (ADJP (RB as) (JJ-CONTRAST high))))))) (. ?)),(S (NP (DT The) (NN quality)) (VP (VBZ goes) (PRT (RP-CONTRAST down))) (. .))
188,Switchboard,sw07utt/sw_0715_3092.utt,Do you think that would be acceptable?,I think it would be fair.,,8,22,0,0,EVALUATION,(SQ (VBP Do) (NP (PRP you)) (VP (VB think) (SBAR (S (NP (DT that)) (VP (MD would) (VP (VB be) (ADJP (JJ-CONTRAST acceptable))))))) (. ?)),(S (NP (PRP I)) (VP (VBP think) (SBAR (S (NP (PRP it)) (VP (MD would) (VP (VB be) (ADJP (JJ-CONTRAST fair))))))) (. .))
2000,Switchboard,swda/sw00utt/sw_0054_2789.utt.csv,Is that lifting weights?,It's isolated movements for certain muscles groups.,,4,19,1,6,EVALUATION,(SQ (VBZ Is) (NP (DT that)) (VP-CONTRAST (VBG lifting) (NP (NNS weights))) (. ?)),(S (NP (PRP It)) (VP (VBZ 's) (NP-CONTRAST (NP (VBN isolated) (NNS movements)) (PP (IN for) (NP (JJ certain) (NNS muscles) (NNS groups))))) (. .))
184,Switchboard,sw01utt/sw_0194_3595.utt,Is she fabulous?,She is wonderful.,,21,9,0,0,EVALUATION,(SQ (VBZ Is) (NP (PRP she)) (ADJP (JJ-CONTRAST fabulous)) (. ?)),(S (NP (PRP She)) (VP (VBZ is) (ADJP (JJ-CONTRAST wonderful))) (. .))
179,Switchboard,sw03utt/sw_0371_3688.utt,Is it pretty nice country up there?,It's beautiful.,,26,4,0,0,EVALUATION,(SQ (VBZ Is) (NP (PRP it)) (NP (JJ-CONTRAST pretty) (JJ-CONTRAST nice) (NN country)) (NP (RB up) (EX there)) (. ?)),(S (NP (PRP It)) (VP (VBZ 's) (ADJP (JJ-CONTRAST beautiful))) (. .))
204,Switchboard,sw03utt/sw_0373_4013.utt,Do you have a lot of large families out there in Texas?,Very few.,,0,0,18,12,EVALUATION,(SQ (VBP Do) (NP (PRP you)) (VP (VB have) (NP (NP-CONTRAST (DT a) (NN lot)) (PP (IN of) (NP (JJ large) (NNS families)))) (PP (IN out) (NP (NP (RB there)) (PP (IN in) (NP (NNP Texas)))))) (. ?)),(FRAG (ADJP-CONTRAST (RB Very) (JJ few)) (. .))
